"value","value_pair","count"
"၌","နေရာ",41
"၌","နေ့",31
"၌","အတွင်း",28
"၌","မြို့",24
"၌","အချိန်",23
"၌","နိုင်ငံ",21
"၌","ပွဲ",19
"၌","ဆေးရုံ",18
"၌","ပြိုင်ပွဲ",17
"၌","ခုနှစ်",16
"၌","တရားရုံး",16
"၌","ကွင်း",15
"၌","ပြည်နယ်",15
"၌","အစည်းအဝေး",15
"၌","နာရီ",13
"၌","တက္ကသိုလ်",12
"၌","မိနစ်",12
"၌","ရုံ",12
"၌","ရက်",11
"၌","လ",11
"၌","ဒေသ",10
"၌","ယူတီစီ",10
"၌","စင်တာ",9
"၌","လေဆိပ်",9
"၌","ညီလာခံ",8
"၌","နောက်ဆုံး",8
"၌","ဟိုတယ်",8
"၌","အီရတ်",8
"၌","ကာလ",7
"၌","အဆင့်",7
"၌","အဆုံး",7
"၌","အပေါ်",7
"၌","ကျောင်း",6
"၌","စခန်း",6
"၌","နှစ်",6
"၌","နေအိမ်",6
"၌","အစီအစဉ်",6
"၌","အစောပိုင်း",6
"၌","အဖွဲ့အစည်း",6
"၌","အောက်",6
"၌","ကျွန်း",5
"၌","စာ",5
"၌","ဌာန",5
"၌","နောက်ပိုင်း",5
"၌","ပြည်ထောင်စု",5
"၌","ပွဲတော်",5
"၌","ရာခိုင်နှုန်း",5
"၌","လွှတ်တော်",5
"၌","လုပ်ငန်း",5
"၌","လူ",5
"၌","ဝန်းကျင်",5
"၌","အခြေအနေ",5
"၌","ကုမ္ပဏီ",4
"၌","စက်ရုံ",4
"၌","စံတော်ချိန်",4
"၌","ည",4
"၌","တစ်ဝက်",4
"၌","နောက်",4
"၌","ပါကစ္စတန်",4
"၌","ပါလီမန်",4
"၌","မြို့တော်",4
"၌","မိုင်",4
"၌","လန်ဒန်",4
"၌","အင်တာဗျူး",4
"၌","အစ",4
"၌","အမှု",4
"၌","အသင်း",4
"၌","အာဖဂန်နစ္စတန်",4
"၌","အိမ်",4
"၌","ဧရိယာ",4
"၌","ကြား",3
"၌","ခန်းမ",3
"၌","ထိပ်ဆုံး",3
"၌","ဒေသတွင်း",3
"၌","နံနက်",3
"၌","ပင်လယ်ကွေ့",3
"၌","ပန်းခြံ",3
"၌","ဗုံး",3
"၌","ဘရာဇီး",3
"၌","မနက်",3
"၌","မနက်ပိုင်း",3
"၌","ရပ်ကွက်",3
"၌","ရှေ့",3
"၌","ရုပ်မြင်သံကြား",3
"၌","သစ်တော",3
"၌","အကြား",3
"၌","အခမ်းအနား",3
"၌","အစိတ်အပိုင်း",3
"၌","အနည်းငယ်",3
"၌","အနီး",3
"၌","အနီးအနား",3
"၌","အရွယ်",3
"၌","ဥရောပ",3
"၌","ကနဦး",2
"၌","ကျန်းမာရေး",2
"၌","ကား",2
"၌","ကိုယ်စားလှယ်",2
"၌","ကောင်းကင်",2
"၌","ဂျပန်",2
"၌","စကော့တလန်",2
"၌","စီမံကိန်း",2
"၌","တစ်ဝန်း",2
"၌","တံတားတိုင်",2
"၌","တရားခွင်",2
"၌","တိုင်းပြည်",2
"၌","တောင်ပိုင်း",2
"၌","နယ်ပယ်",2
"၌","နယ်မြေ",2
"၌","နိုဝင်ဘာ",2
"၌","နေ့ရက်",2
"၌","နောက်ကွယ်",2
"၌","ပင်လယ်",2
"၌","ပင်လယ်ပြင်",2
"၌","ပထမပိုင်း",2
"၌","ပြင်သစ်",2
"၌","ပွဲစဉ်",2
"၌","ပေ",2
"၌","ဖြစ်စဉ်",2
"၌","ဗလီ",2
"၌","ဗဟို",2
"၌","ဘုရားကျောင်း",2
"၌","မှတ်တမ်း",2
"၌","မုန်တိုင်း",2
"၌","မဲရုံ",2
"၌","ယခု",2
"၌","ရွေးကောက်ပွဲ",2
"၌","ရဲတိုက်",2
"၌","လက်",2
"၌","လမ်းဆုံ",2
"၌","လုပ်ငန်းခွင်",2
"၌","လုပ်ငန်းစဉ်",2
"၌","လူဇင်ဘတ်",2
"၌","လူမျိုး",2
"၌","လေယာဉ်",2
"၌","ဝက်ဆိုဒ်",2
"၌","သတင်း",2
"၌","သတ္တုတွင်း",2
"၌","သမိုင်း",2
"၌","သီတင်းပတ်",2
"၌","ဟိုနိုလုလု",2
"၌","အကျဉ်းထောင်",2
"၌","အချက်",2
"၌","အခါ",2
"၌","အင်္ဂလန်",2
"၌","အဆောက်အဦး",2
"၌","အနောက်ပိုင်း",2
"၌","အဘူဒါဘီ",2
"၌","အမှတ်",2
"၌","အမိန့်",2
"၌","အမေရိက",2
"၌","အလယ်ပိုင်း",2
"၌","အလို",2
"၌","အသုဘ",2
"၌","အိမ်တော်",2
"၌","အိုလံပစ်",2
"၌","အီရန်",2
"၌","ကင်ဘာရာ",1
"၌","ကစားပွဲ",1
"၌","ကဇာတ်ရုံ",1
"၌","ကဏ္ဍ",1
"၌","ကတိ",1
"၌","ကန်",1
"၌","ကန်ဘာရာ",1
"၌","ကမ္ဘာ",1
"၌","ကမ္ဘာလုံး",1
"၌","ကမ်းခြေ",1
"၌","ကမ်းဘရီးရာ",1
"၌","ကမ်းရိုးတန်း",1
"၌","ကယ်လီဖိုးနီးယား",1
"၌","ကျေးရွာ",1
"၌","ကရကတ်",1
"၌","ကရိယာ",1
"၌","ကြိမ်နှုန်း",1
"၌","ကလီစာ",1
"၌","ကွင်းစလန်",1
"၌","ကွန်ဂရက်",1
"၌","ကွမ်မီဟာဂျဲလို",1
"၌","ကွိုင်းလင်း",1
"၌","ကာကွယ်ရေး",1
"၌","ကားမောင်းပြိုင်ပွဲ",1
"၌","ကာရေဘီယံ",1
"၌","ကိစ္စ",1
"၌","ကိုရီးယား",1
"၌","ကိုလံဘီယာ",1
"၌","ကိုလိုရာဒို",1
"၌","ကုန်ကျငွေ",1
"၌","ကုလသမဂ္ဂ",1
"၌","ကူညီရာ",1
"၌","ကောင်စီ",1
"၌","ကောင်တီ",1
"၌","ကော့ဒ်",1
"၌","ကောလိပ်",1
"၌","ကော်မတီ",1
"၌","ကော်လံ",1
"၌","ခံတပ်",1
"၌","ခန္ဓာကိုယ်တွင်း",1
"၌","ခန့်မှန်းချေ",1
"၌","ချန်ပီယံရှစ်",1
"၌","ချိုင့်ဝှမ်း",1
"၌","ချီတက်ပွဲ",1
"၌","ခရီးစဥ်",1
"၌","ခြံဝင်း",1
"၌","ခြေရင်း",1
"၌","ခွင့်",1
"၌","ခုနစ်",1
"၌","ခုန်ခဲ့ချိန်",1
"၌","ခေါင်းစဉ်",1
"၌","ဂျနဲရိုး",1
"၌","ဂျာမနီ",1
"၌","ဂျီနီဗာ",1
"၌","ဂျီအမ်တီ",1
"၌","ဂါဇာ",1
"၌","စစ်ပွဲ",1
"၌","စစ်မြေပြင်",1
"၌","စနစ်",1
"၌","စန်တာ",1
"၌","စပိန်",1
"၌","စွမ်းရည်",1
"၌","စားချိန်",1
"၌","စားပွဲ",1
"၌","စာရင်း",1
"၌","စာရေးနေချိန်",1
"၌","စိုက်ပျိုးရေး",1
"၌","စီ",1
"၌","စီးပွားရေး",1
"၌","စီအန်အီးဒီ",1
"၌","ဆန္ဒ",1
"၌","ဆပ်ဖိခ်",1
"၌","ဆယ်စုနှစ်",1
"၌","ဆွင်ဒန်",1
"၌","ဆာဗီးရား",1
"၌","ဆာရာဘာရာ",1
"၌","ဆိပ်ကမ်း",1
"၌","ဆိုင်",1
"၌","ဆိုင်ရာ",1
"၌","ဆိုမာလီယာ",1
"၌","ဆေးခန်း",1
"၌","ဆောင်ဒီ",1
"၌","ဆောင်းပါး",1
"၌","ဆောင်ရွက်ရာ",1
"၌","ဈေး",1
"၌","ဈေးကွက်",1
"၌","ညနေ",1
"၌","ညနေပိုင်း",1
"၌","ညဘက်",1
"၌","ဌာနချုပ်",1
"၌","တစ်ကိုယ်တော်",1
"၌","တစ်ချိန်ချိန်",1
"၌","တစ်စိတ်တစ်ပိုင်း",1
"၌","တစ်လျှောက်",1
"၌","တစ်သက်တာ",1
"၌","တံတိုင်း",1
"၌","တပ်",1
"၌","တဘက်",1
"၌","တရားရုံးချုပ်",1
"၌","တရုတ်",1
"၌","တွင်း",1
"၌","တွန်းအား",1
"၌","တာဗက်တာ",1
"၌","တိန်းရှီးဖူး",1
"၌","တိရစ္ဆာန်ရုံ",1
"၌","တိုက်ခန်း",1
"၌","တိုက်ပွဲ",1
"၌","တိုင်းစ်",1
"၌","တိုင်းယားလက်စ်",1
"၌","တိုရန်းတိုး",1
"၌","တောင်ကျချောင်း",1
"၌","တောင်ကာရိုလိုင်းနား",1
"၌","တောင်ဘက်",1
"၌","တောင်ဘက်စွန်း",1
"၌","တောအုပ်",1
"၌","တော်တို",1
"၌","ထရက်ဖို့",1
"၌","ထရုခ်မင်နစ္စတန်",1
"၌","ထိပ်",1
"၌","ထောင်",1
"၌","ဒင်နုဘာ",1
"၌","ဒဏ်ရာ",1
"၌","ဒယ်ဟီ",1
"၌","ဒီကေချာ",1
"၌","ဒီဂို",1
"၌","ဒီလေး",1
"၌","ဒုတိယပိုင်း",1
"၌","ဓာတ်ခွဲခန်း",1
"၌","ဓာတ်ပုံ",1
"၌","နည်း",1
"၌","နံနက်ပိုင်း",1
"၌","နန်ဂန်",1
"၌","နယူး",1
"၌","နယူးဇီလန်",1
"၌","နယ်နိမိတ်",1
"၌","နံရံ",1
"၌","နှစ်ဖက်",1
"၌","နှုတ်ခမ်း",1
"၌","နှုန်း",1
"၌","နှောင်းပိုင်း",1
"၌","နာဆာ",1
"၌","နိုက်ကလပ်",1
"၌","နိုင်ငံရေး",1
"၌","နိုဗက်ခ်",1
"၌","နီယွန်",1
"၌","နေတိုး",1
"၌","နော့တင်ဟမ်",1
"၌","ပညာရေး",1
"၌","ပဋိပက္ခ",1
"၌","ပဏာမ",1
"၌","ပတ္တာနာ",1
"၌","ပမာဏ",1
"၌","ပရင့်စက်",1
"၌","ပြည်တွင်း",1
"၌","ပြန်ကစားပွဲ",1
"၌","ပြပွဲ",1
"၌","ပြီးပြီးချင်း",1
"၌","ပြေးလမ်း",1
"၌","ပြောစကား",1
"၌","ပါပီဂန်",1
"၌","ပါရာလမ်ပစ်",1
"၌","ပို့ကုန်ငွေ",1
"၌","ပို့စ်",1
"၌","ပီဘာရာ",1
"၌","ပုံစံ",1
"၌","ဖန်သားပြင်",1
"၌","ဖြစ်ပွားချိန်",1
"၌","ဖြစ်ရပ်",1
"၌","ဖြည့်ရုံ",1
"၌","ဖိုချာဘားစ်",1
"၌","ဖီလာဒဲဖီးယား",1
"၌","ဗျူရို",1
"၌","ဗြိတိန်",1
"၌","ဗာစ်ဟဲမ်",1
"၌","ဗိုလ်လုပွဲ",1
"၌","ဘဂ္ဂဒက်",1
"၌","ဘန်ကောက်",1
"၌","ဘန်ဒက်စ်ရက်",1
"၌","ဘန်ဒါဘက်",1
"၌","ဘရောင်းဆန်ဒါ",1
"၌","ဘလောခ့်",1
"၌","ဘား",1
"၌","ဘာလင်",1
"၌","ဘာသာပြန်",1
"၌","ဘိုင်းရို့",1
"၌","ဘီအက်စ်တီ",1
"၌","ဘုတ်ပြား",1
"၌","ဘူခရက်",1
"၌","ဘူးခွံ့",1
"၌","ဘူတာ",1
"၌","ဘေး",1
"၌","ဘေဂျင်း",1
"၌","ဘဲ",1
"၌","ဘဲလ်ဖတ်",1
"၌","ဘဲလ်ဖာ့စ်",1
"၌","မက်စတွတ်",1
"၌","မက်ထရိုဒုန်း",1
"၌","မက်ဒရစ်",1
"၌","မနက်ဖြန်",1
"၌","မန်ဒိုရာ",1
"၌","မြှင့်တင်ရေး",1
"၌","မြေပြင်",1
"၌","မွန်းလွဲပိုင်း",1
"၌","မွမ်ဘိုင်း",1
"၌","မွိုင်းစ်",1
"၌","မှတ်",1
"၌","မှတ်တမ်းလွှာ",1
"၌","မှတ်တိုင်",1
"၌","မာစင်စစ်",1
"၌","မာပါ",1
"၌","မိန့်ခွန်း",1
"၌","မိုင်းတွင်း",1
"၌","မီး",1
"၌","မီရဇ",1
"၌","မေးခွန်း",1
"၌","မေးမြန်းခန်း",1
"၌","မော့ဂါဒိရှူး",1
"၌","မော်စကို",1
"၌","မော်တော်ဆိုင်ကယ်",1
"၌","မဲလ်ဘုန်း",1
"၌","ယူအက်စ်ဒီအေ",1
"၌","ယော့ရကာတာ",1
"၌","ရက်နေ့",1
"၌","ရင်ပြင်",1
"၌","ရထားတွဲ",1
"၌","ရန်ပုံငွေ",1
"၌","ရပ်စီကိုးစ်",1
"၌","ရဝေး",1
"၌","ရွာ",1
"၌","ရဟတ်ယာဉ်",1
"၌","ရှေ့မှောက်",1
"၌","ရာစုနှစ်",1
"၌","ရာထူး",1
"၌","ရာသီ",1
"၌","ရာသီဥတု",1
"၌","ရိပ်သာ",1
"၌","ရုံး",1
"၌","ရုံးခန်း",1
"၌","ရုံးတက်ရုံးဆင်းချိန်",1
"၌","ရုရှား",1
"၌","ရေကန်",1
"၌","ရေတပ်",1
"၌","ရောဂါ",1
"၌","ရောမ",1
"၌","လက်ကြား",1
"၌","လက်ဘနွန်",1
"၌","လက်မောင်း",1
"၌","လမုတော",1
"၌","လမ်း",1
"၌","လမ်းခရီး",1
"၌","လမ်းခွဲ",1
"၌","လမ်းပေါ်",1
"၌","လမ်းဘေး",1
"၌","လယ်ကောင်",1
"၌","လျှပ်စစ်",1
"၌","လိမ်း",1
"၌","လိုင်း",1
"၌","လူကာစ",1
"၌","လူနာ",1
"၌","လူးဝက်စ်",1
"၌","လူးဝစ်",1
"၌","လူဦးရေ",1
"၌","လေ့ကျင့်ချိန်",1
"၌","လေပြင်း",1
"၌","ဝင်ပေါက်",1
"၌","ဝယ်လို",1
"၌","ဝိညာဉ်",1
"၌","ဝေးနီး",1
"၌","ဝေမျှရေး",1
"၌","သက်သေ",1
"၌","သချိုင်းဂူ",1
"၌","သင်ကြားရေး",1
"၌","သင်္ကေတ",1
"၌","သင်္ဘော",1
"၌","သတင်းစာ",1
"၌","သတ်မှတ်ချက်",1
"၌","သပိတ်",1
"၌","သံရုံး",1
"၌","သြစတြေးလျ",1
"၌","သေဆုံးချိန်",1
"၌","သေဆုံးခဲ့ချိန်",1
"၌","သေနတ်",1
"၌","သောင်",1
"၌","သောမက်စ်",1
"၌","ဟန်ဂါရရင်း",1
"၌","ဟာရဲ",1
"၌","ဟေးလ်",1
"၌","ဟောက်စ်",1
"၌","အကျဥ်းထောင်",1
"၌","အကြောင်းအရာ",1
"၌","အကွာ",1
"၌","အကွာအဝေး",1
"၌","အကာ",1
"၌","အကူ",1
"၌","အခက်အခဲ",1
"၌","အခန်း",1
"၌","အချက်အလက်",1
"၌","အချိန်တိုင်း",1
"၌","အချေအတင်ပြောပွဲ",1
"၌","အခြအနေ",1
"၌","အခြား",1
"၌","အခြားနေရာ",1
"၌","အစည်းအဝေးပွဲ",1
"၌","အစပိုင်း",1
"၌","အစွန်",1
"၌","အစိုးရ",1
"၌","အဆို",1
"၌","အဆောက်အဉီး",1
"၌","အဆောက်အအုံ",1
"၌","အတွင်းပိုင်း",1
"၌","အတိတ်",1
"၌","အထဲ",1
"၌","အဓိကရုဏ်း",1
"၌","အနှံ့အပြား",1
"၌","အနေအထား",1
"၌","အန္တရာယ်",1
"၌","အန္တာတိက",1
"၌","အန်ဇက်အက်စ်တီ",1
"၌","အန်တရင်း",1
"၌","အန်ဝိုင်အက်အီး",1
"၌","အပြီး",1
"၌","အပူချိန်",1
"၌","အဖြစ်အပျက်",1
"၌","အဖွဲ့",1
"၌","အဖွဲ့ဝင်",1
"၌","အမျိုးမျိုး",1
"၌","အမျိုးအစား",1
"၌","အမြင့်",1
"၌","အယ်လ်-ရှိခ်",1
"၌","အယ်အေ-ရုပ်သံ",1
"၌","အရပ်",1
"၌","အရှေ့ပိုင်း",1
"၌","အရှေ့မြောက်ပိုင်း",1
"၌","အရိုးစု",1
"၌","အရုဏ်တက်ချိန်",1
"၌","အရေအတွက်",1
"၌","အလယ်",1
"၌","အလှူရှင်",1
"၌","အွန်လိုင်း",1
"၌","အသက်",1
"၌","အသင်းတော်",1
"၌","အသင်းတော်ပွဲ",1
"၌","အားကစား",1
"၌","အာကာသ",1
"၌","အားစားကွင်း",1
"၌","အာဇာနည်",1
"၌","အာဏာ",1
"၌","အာဏာတော်လှန်ရေး",1
"၌","အာဖရိက",1
"၌","အာရုံ",1
"၌","အိန္ဒိယ",1
"၌","အိပ်ဆောင်ခန်းမ",1
"၌","အိုင်တီဗွီ",1
"၌","အိုဘယ်လ်",1
"၌","အီးယူရိုဗစ်ရှင်",1
"၌","အီးအက်စ်တီ",1
"၌","အေ",1
"၌","အေကေပီ",1
"၌","အေအိုင်အက်စ်",1
"၌","အေအီးအက်စ်တီ",1
"၌","အောက်ခြေ",1
"၌","အောက်တိုဘာ",1
"၌","အော်စတင်",1
"၌","အော်ရီဂွန်",1
"၌","ဥပဒေ",1
"၌","ဥမင်",1
"၌","ဦးဏှောက်",1
"၌","ဦးနှောက်",1
"၌","ဩဂုတ်",1
"၌","ဩစတြေးလျ",1
"တွင်","နေ့",646
"တွင်","ခုနှစ်",432
"တွင်","လ",283
"တွင်","နေရာ",280
"တွင်","နိုင်ငံ",202
"တွင်","ရက်",149
"တွင်","မြို့",140
"တွင်","အောက်",139
"တွင်","အချိန်",133
"တွင်","ပွဲ",112
"တွင်","နှစ်",108
"တွင်","နောက်ပိုင်း",103
"တွင်","ပြိုင်ပွဲ",98
"တွင်","အတွင်း",89
"တွင်","အပေါ်",89
"တွင်","ဒေသ",78
"တွင်","ရွေးကောက်ပွဲ",78
"တွင်","အစောပိုင်း",78
"တွင်","ပြည်နယ်",66
"တွင်","မိနစ်",65
"တွင်","စာ",64
"တွင်","နောက်ဆုံး",60
"တွင်","အနီး",58
"တွင်","အခြေအနေ",56
"တွင်","နာရီ",55
"တွင်","အစီအစဉ်",51
"တွင်","နယ်မြေ",47
"တွင်","သတင်း",44
"တွင်","အကြာ",42
"တွင်","အပိုင်း",42
"တွင်","အဖွဲ့",41
"တွင်","ပွဲစဉ်",40
"တွင်","အီရတ်",40
"တွင်","တရားရုံး",39
"တွင်","ကြား",38
"တွင်","ကိစ္စ",37
"တွင်","ပြည်ထောင်စု",36
"တွင်","ဝန်းကျင်",36
"တွင်","စာရင်း",35
"တွင်","အပြီး",35
"တွင်","မြို့တော်",34
"တွင်","ယနေ့",34
"တွင်","ကျောင်း",33
"တွင်","အဆင့်",33
"တွင်","တစ်လျှောက်",31
"တွင်","နောက်",31
"တွင်","ရာသီ",31
"တွင်","အကြား",31
"တွင်","အစည်းအဝေး",31
"တွင်","သမိုင်း",30
"တွင်","ဖြစ်ရပ်",29
"တွင်","အမှု",29
"တွင်","ယခု",28
"တွင်","လုပ်ငန်း",28
"တွင်","မှတ်တမ်း",27
"တွင်","အပြင်ဘက်",27
"တွင်","အသစ်",27
"တွင်","ည",26
"တွင်","သူ",26
"တွင်","အနာဂတ်",26
"တွင်","ဆေးရုံ",25
"တွင်","တစ်ဝက်",24
"တွင်","နံနက်",24
"တွင်","ဥပဒေ",23
"တွင်","ကာလ",22
"တွင်","စခန်း",22
"တွင်","ညီလာခံ",22
"တွင်","လူ",22
"တွင်","ဌာန",21
"တွင်","အခမ်းအနား",21
"တွင်","အိမ်",21
"တွင်","နယ်ပယ်",20
"တွင်","လေယာဉ်",20
"တွင်","သတင်းစာ",20
"တွင်","အနည်းငယ်",20
"တွင်","အဖွဲ့အစည်း",20
"တွင်","တရား",19
"တွင်","မိန့်ခွန်း",19
"တွင်","အမေရိကန်",19
"တွင်","ကမ္ဘာ",18
"တွင်","စနစ်",18
"တွင်","သြစတြေးလျ",18
"တွင်","အင်တာဗျူး",18
"တွင်","အသင်း",18
"တွင်","နှောင်းပိုင်း",17
"တွင်","ပတ်ဝန်းကျင်",17
"တွင်","ယူတီစီ",17
"တွင်","ရုံး",17
"တွင်","လွှတ်တော်",17
"တွင်","အဆုံး",17
"တွင်","ကီလိုမီတာ",16
"တွင်","ခရိုင်",16
"တွင်","စစ်ပွဲ",16
"တွင်","ဗုံး",16
"တွင်","မနက်",16
"တွင်","ရှေ့",16
"တွင်","လန်ဒန်",16
"တွင်","အပတ်",16
"တွင်","ဆိုင်ရာ",15
"တွင်","လမ်း",15
"တွင်","အကွာ",15
"တွင်","အများအပြား",15
"တွင်","ကွင်း",14
"တွင်","ပြပွဲ",14
"တွင်","ဘေး",14
"တွင်","ဝက်ဘ်ဆိုက်",14
"တွင်","သီတင်းပတ်",14
"တွင်","အဖြစ်",14
"တွင်","အလုပ်",14
"တွင်","အာဖရိက",14
"တွင်","ကဏ္ဍ",13
"တွင်","စင်တာ",13
"တွင်","ဈေးကွက်",13
"တွင်","တက္ကသိုလ်",13
"တွင်","တောင်ပိုင်း",13
"တွင်","နယူးဇီလန်",13
"တွင်","ပုံစံ",13
"တွင်","ဘဝ",13
"တွင်","ရုံ",13
"တွင်","လုပ်ငန်းစဉ်",13
"တွင်","လေဆိပ်",13
"တွင်","အခန်း",13
"တွင်","အစိတ်အပိုင်း",13
"တွင်","အထဲ",13
"တွင်","ဧရိယာ",13
"တွင်","စာမျက်နှာ",12
"တွင်","နောက်ကွယ်",12
"တွင်","ပန်းခြံ",12
"တွင်","မိုင်",12
"တွင်","ရုပ်မြင်သံကြား",12
"တွင်","အစ",12
"တွင်","အနီးအနား",12
"တွင်","အဖြစ်အပျက်",12
"တွင်","အရွယ်",12
"တွင်","အာဖဂန်နစ္စတန်",12
"တွင်","ကျွန်း",11
"တွင်","ညနေ",11
"တွင်","နေအိမ်",11
"တွင်","ဘက်",11
"တွင်","မီဒီယာ",11
"တွင်","မူဝါဒ",11
"တွင်","ရာခိုင်နှုန်း",11
"တွင်","လမ်းကြောင်း",11
"တွင်","ဝက်ဆိုဒ်",11
"တွင်","အကျဉ်းထောင်",11
"တွင်","အစပိုင်း",11
"တွင်","အစိုးရ",11
"တွင်","အဆို",11
"တွင်","အရာ",11
"တွင်","အုပ်စု",11
"တွင်","ကြော်ငြာ",10
"တွင်","ခရီးစဉ်",10
"တွင်","ဂျာနယ်",10
"တွင်","စက်တင်ဘာ",10
"တွင်","စီမံကိန်း",10
"တွင်","ဆိပ်ကမ်း",10
"တွင်","ဆောင်းပါး",10
"တွင်","တိုင်းပြည်",10
"တွင်","ဒီဇင်ဘာ",10
"တွင်","ပြင်ပ",10
"တွင်","ပါလီမန်",10
"တွင်","မဲဆန္ဒနယ်",10
"တွင်","ရလဒ်",10
"တွင်","အလယ်ပိုင်း",10
"တွင်","အသက်",10
"တွင်","ကမ်းခြေ",9
"တွင်","စံတော်ချိန်",9
"တွင်","စာအုပ်",9
"တွင်","ဇယား",9
"တွင်","တရုတ်",9
"တွင်","တိုက်ပွဲ",9
"တွင်","ထောင်",9
"တွင်","နိုင်ငံရေး",9
"တွင်","နောင်",9
"တွင်","ပွဲတော်",9
"တွင်","ဖြစ်စဉ်",9
"တွင်","ဗွီဒီယို",9
"တွင်","ဘုရားကျောင်း",9
"တွင်","မေးခွန်း",9
"တွင်","လက်အောက်",9
"တွင်","လိုင်း",9
"တွင်","လေကြောင်း",9
"တွင်","ဥရောပ",9
"တွင်","ကမ်းရိုးတန်း",8
"တွင်","ကောင်စီ",8
"တွင်","ဂျီအမ်တီ",8
"တွင်","စက်ရုံ",8
"တွင်","စာတမ်း",8
"တွင်","ဆိုင်",8
"တွင်","တပ်ဖွဲ့",8
"တွင်","နည်းလမ်း",8
"တွင်","ပါတီ",8
"တွင်","ဖလား",8
"တွင်","ဗြိတိန်",8
"တွင်","မနက်ပိုင်း",8
"တွင်","မြောက်ပိုင်း",8
"တွင်","ရေ",8
"တွင်","ဟိုတယ်",8
"တွင်","အခါ",8
"တွင်","အတောအတွင်း",8
"တွင်","အနောက်ဘက်",8
"တွင်","အန္တရာယ်",8
"တွင်","အပြင်",8
"တွင်","အရေအတွက်",8
"တွင်","အလယ်",8
"တွင်","အားကစား",8
"တွင်","ကစားပွဲ",7
"တွင်","ကယ်လီဖိုးနီးယား",7
"တွင်","ခုနစ်",7
"တွင်","စကော့တလန်",7
"တွင်","စရိတ်",7
"တွင်","စာချုပ်",7
"တွင်","ဆန္ဒခံယူပွဲ",7
"တွင်","ဆီးရီးယား",7
"တွင်","ဈေးနှုန်း",7
"တွင်","ထိုင်ဝမ်",7
"တွင်","ဒုတိယပိုင်း",7
"တွင်","နယူးယောက်",7
"တွင်","နေ့လည်",7
"တွင်","ပြင်သစ်",7
"တွင်","ဘဏ်",7
"တွင်","မေးမြန်းခန်း",7
"တွင်","ရုပ်ရှင်",7
"တွင်","လက်",7
"တွင်","ဝက်ဘ်ဆိုဒ်",7
"တွင်","သင်တန်း",7
"တွင်","သတ္တုတွင်း",7
"တွင်","အကြိမ်",7
"တွင်","အကြောင်း",7
"တွင်","အကွာအဝေး",7
"တွင်","အဆောက်အဦး",7
"တွင်","အနေအထား",7
"တွင်","အွန်လိုင်း",7
"တွင်","အိန္ဒိယ",7
"တွင်","ဩစတြေးလျ",7
"တွင်","ကိစ္စရပ်",6
"တွင်","ခေတ်",6
"တွင်","ငလျင်",6
"တွင်","စစ်တမ်း",6
"တွင်","စျေးကွက်",6
"တွင်","စာရွက်စာတမ်း",6
"တွင်","ဆယ်စုနှစ်",6
"တွင်","ဇင်ဘာဘွေ",6
"တွင်","ဇန်နဝါရီ",6
"တွင်","ဇုန်",6
"တွင်","တစ်ဝှမ်း",6
"တွင်","တစ်ဝိုက်",6
"တွင်","တာဝန်",6
"တွင်","နေ့လည်ပိုင်း",6
"တွင်","ပထမပိုင်း",6
"တွင်","ပြေးလမ်း",6
"တွင်","ပွဲစဥ်",6
"တွင်","ပါကစ္စတန်",6
"တွင်","ဖိုင်နယ်",6
"တွင်","ဗိုလ်လုပွဲ",6
"တွင်","ဘဂ္ဂဒက်",6
"တွင်","မဂ္ဂဇင်း",6
"တွင်","မြေပြင်",6
"တွင်","မူကြမ်း",6
"တွင်","မဲ",6
"တွင်","ယာဉ်",6
"တွင်","ရက်သတ္တပတ်",6
"တွင်","ရောဂါ",6
"တွင်","လက်နက်",6
"တွင်","လူသား",6
"တွင်","အချက်အလက်",6
"တွင်","အင်္ဂလန်",6
"တွင်","အဆောက်အအုံ",6
"တွင်","အမေရိက",6
"တွင်","အရပ်",6
"တွင်","အာဖကန်နစ္စတန်",6
"တွင်","ကင်းဒမ်း",5
"တွင်","ကစားကွင်း",5
"တွင်","ကနေဒါ",5
"တွင်","ကွန်ရက်",5
"တွင်","ကား",5
"တွင်","ကော်မတီ",5
"တွင်","ခန်းမ",5
"တွင်","ချန်ပီယံရှစ်",5
"တွင်","ခြေထောက်",5
"တွင်","ခေါင်းကြီးပိုင်း",5
"တွင်","ခေါင်းစဉ်",5
"တွင်","ဂျပန်",5
"တွင်","ဂျာမနီ",5
"တွင်","ဂါဇာ",5
"တွင်","ငွေကြေး",5
"တွင်","စည်းကမ်း",5
"တွင်","စတိုးဆိုင်",5
"တွင်","စာစောင်",5
"တွင်","ဆင်ခြေဖုံး",5
"တွင်","ဆု",5
"တွင်","ဆူဒန်",5
"တွင်","ဆေးခန်း",5
"တွင်","ဇူလိုင်",5
"တွင်","တနင်္ဂနွေ",5
"တွင်","တီမော",5
"တွင်","တူရကီ",5
"တွင်","ထိပ်",5
"တွင်","ထောင့်",5
"တွင်","ဒီစီ",5
"တွင်","ဒေသတွင်း",5
"တွင်","နည်းပညာ",5
"တွင်","နယ်",5
"တွင်","နှုန်း",5
"တွင်","နေ့ရက်",5
"တွင်","ပင်လယ်",5
"တွင်","ပင်လယ်ကွေ့",5
"တွင်","ပို့စ်",5
"တွင်","ပုံ",5
"တွင်","ပေ",5
"တွင်","ဗီဒီယို",5
"တွင်","မနက်ဖြန်",5
"တွင်","မြောက်ဘက်",5
"တွင်","မွန်ထရီရယ်",5
"တွင်","မီး",5
"တွင်","မုန်တိုင်း",5
"တွင်","မော်စကို",5
"တွင်","ယူကေ",5
"တွင်","ရပ်ကွက်",5
"တွင်","လှေ",5
"တွင်","လုံး",5
"တွင်","ဝါဒ",5
"တွင်","ဝါရှင်တန်",5
"တွင်","သုတေသန",5
"တွင်","သေနတ်",5
"တွင်","အကျော့",5
"တွင်","အကြောင်းအရာ",5
"တွင်","အခင်း",5
"တွင်","အခွန်",5
"တွင်","အင်တာနက်",5
"တွင်","အတန်း",5
"တွင်","အတိတ်",5
"တွင်","အထက်",5
"တွင်","အနှံ့အပြား",5
"တွင်","အနောက်ပိုင်း",5
"တွင်","အမျိုးအစား",5
"တွင်","အယောက်",5
"တွင်","အရင်းအမြစ်",5
"တွင်","အရှေ့",5
"တွင်","အရှေ့ပိုင်း",5
"တွင်","အလှည့်",5
"တွင်","အလို",5
"တွင်","အသုံးစရိတ်",5
"တွင်","အာကာသ",5
"တွင်","အီးမေးလ်",5
"တွင်","အောက်တိုဘာ",5
"တွင်","ဦးနှောက်",5
"တွင်","ဧပြီ",5
"တွင်","ကန်",4
"တွင်","ကမ်းမြောင်ဒေသ",4
"တွင်","ကွန်ပျူတာ",4
"တွင်","ကာနယ်",4
"တွင်","ကိုယ်စားလှယ်",4
"တွင်","ကိုရီးယား",4
"တွင်","ကုမ္ပဏီ",4
"တွင်","ကော်မရှင်",4
"တွင်","ခန်း",4
"တွင်","ခရီး",4
"တွင်","စက္ကန့်",4
"တွင်","စစ်",4
"တွင်","စစ်တပ်",4
"တွင်","စတင်ချိန်",4
"တွင်","စပိန်",4
"တွင်","စွဲချက်",4
"တွင်","စီ",4
"တွင်","ဆစ်ဒနီ",4
"တွင်","ဆန္ဒ",4
"တွင်","ဇာတ်ကား",4
"တွင်","တစ်ချိန်ချိန်",4
"တွင်","တပတ်",4
"တွင်","တရားခွင်",4
"တွင်","တွင်း",4
"တွင်","တောင်ဘက်",4
"တွင်","ဓာတ်ငွေ့",4
"တွင်","နည်း",4
"တွင်","နံနက်ပိုင်း",4
"တွင်","နယ်နိမိတ်",4
"တွင်","နှစ်ပေါင်း",4
"တွင်","နိုင်ခြေ",4
"တွင်","နေရာတိုင်း",4
"တွင်","ပင်လယ်အော်",4
"တွင်","ပဋိပက္ခ",4
"တွင်","ပတ်လမ်း",4
"တွင်","ပြည်ပ",4
"တွင်","ပြတိုက်",4
"တွင်","ပါကင်",4
"တွင်","ပိတ်ရက်",4
"တွင်","ပီအမ်",4
"တွင်","ဗလီ",4
"တွင်","ဘီ",4
"တွင်","မစ်ရှင်",4
"တွင်","မနက်ခင်း",4
"တွင်","မျိုး",4
"တွင်","မြို့နယ်",4
"တွင်","မြေပုံ",4
"တွင်","မှတ်",4
"တွင်","မှတ်ချက်",4
"တွင်","မိသားစု",4
"တွင်","မီတာ",4
"တွင်","မေ",4
"တွင်","ရွာ",4
"တွင်","ရိုမေးနီးယား",4
"တွင်","ရုရှား",4
"တွင်","ရေဒီယို",4
"တွင်","ရေလက်ကြား",4
"တွင်","လက်တွေ့",4
"တွင်","လက်ထက်",4
"တွင်","လမ်းမ",4
"တွင်","လမ်းမကြီး",4
"တွင်","လိပ်စာ",4
"တွင်","လုပ်ငန်းခွင်",4
"တွင်","လုပ်ရပ်",4
"တွင်","လောင်စာ",4
"တွင်","ဝက်ဆိုက်",4
"တွင်","ဝီကီပီးဒီးယား",4
"တွင်","သက်သေ",4
"တွင်","သင်း",4
"တွင်","သင်္ဘော",4
"တွင်","သမိုင်းကြောင်း",4
"တွင်","သမ္မတ",4
"တွင်","အကျိုး",4
"တွင်","အကျော်",4
"တွင်","အကုန်",4
"တွင်","အကူအညီ",4
"တွင်","အကောင့်",4
"တွင်","အချီ",4
"တွင်","အစ္စရေး",4
"တွင်","အထောက်အထား",4
"တွင်","အမျိုးသမီး",4
"တွင်","အရာရှိ",4
"တွင်","အာရှ",4
"တွင်","အီရန်",4
"တွင်","ကျန်းမာရေး",3
"တွင်","ကျွန်းစု",3
"တွင်","ကျောင်းသား",3
"တွင်","ကြွက်",3
"တွင်","ကွန်ဂရက်",3
"တွင်","ကာတာ",3
"တွင်","ကိုလံဘီယာ",3
"တွင်","ကုန်သွယ်ရေး",3
"တွင်","ကုလားထိုင်",3
"တွင်","ကောင်တီ",3
"တွင်","ခန္ဓာကိုယ်",3
"တွင်","ချန်ပီယံ",3
"တွင်","ချီကာဂို",3
"တွင်","ခရီးစဥ်",3
"တွင်","ခုံရုံး",3
"တွင်","ငြိမ်းချမ်းရေး",3
"တွင်","ငွေ",3
"တွင်","ငှက်",3
"တွင်","စကား",3
"တွင်","စက်",3
"တွင်","စံချိန်",3
"တွင်","စစ်ဆေးရေး",3
"တွင်","စွမ်းအင်",3
"တွင်","စိုက်ပျိုးရေး",3
"တွင်","စီးပွားရေး",3
"တွင်","စီးရီး",3
"တွင်","စု",3
"တွင်","ဆိုက်",3
"တွင်","ဆိုဒ်",3
"တွင်","ဆေးဝါး",3
"တွင်","ဇာတ်ရုံ",3
"တွင်","ဇာတ်လမ်း",3
"တွင်","ဈေး",3
"တွင်","ညနေခင်း",3
"တွင်","ညနေပိုင်း",3
"တွင်","ဌာနခွဲ",3
"တွင်","တက္ကစီ",3
"တွင်","တစ်စိတ်တစ်ပိုင်း",3
"တွင်","တစ်ဝန်း",3
"တွင်","တန်ဖိုး",3
"တွင်","တိပ်ခွေ",3
"တွင်","တီးဝိုင်း",3
"တွင်","တောင်",3
"တွင်","တောင်တန်း",3
"တွင်","တောင်ဘက်ပိုင်း",3
"တွင်","ထိပ်ဆုံး",3
"တွင်","ဒဏ်ရာ",3
"တွင်","ဒီဇိုင်း",3
"တွင်","ဒုံးပျံ",3
"တွင်","ဒေလီ",3
"တွင်","နန်းတော်",3
"တွင်","နံပါတ်",3
"တွင်","နွေဦး",3
"တွင်","နာရီဝက်",3
"တွင်","နောက်ကျောဘက်",3
"တွင်","ပင်လယ်ပြင်",3
"တွင်","ပညာရပ်",3
"တွင်","ပတ်လမ်းကြောင်း",3
"တွင်","ပမာဏ",3
"တွင်","ပရိုဂရမ်",3
"တွင်","ပြဿနာ",3
"တွင်","ပွိုင့်",3
"တွင်","ပွဲဦးထွက်",3
"တွင်","ပါလက်စတိုင်း",3
"တွင်","ပိုင်နက်",3
"တွင်","ပုံရိပ်",3
"တွင်","ဖြစ်နေချိန်",3
"တွင်","ဖလားပွဲ",3
"တွင်","ဖလော်ရီဒါ",3
"တွင်","ဖွဲ့",3
"တွင်","ဖုန်း",3
"တွင်","ဖေဖော်ဝါရီ",3
"တွင်","ဗစ်တိုးရီးယား",3
"တွင်","ဘတ်စ်ကား",3
"တွင်","ဘာသာရေး",3
"တွင်","ဘောလုံး",3
"တွင်","မက်ဆီကို",3
"တွင်","မျက်နှာပြင်",3
"တွင်","မြင်း",3
"တွင်","မြင်ကွင်း",3
"တွင်","မြို့လယ်ခေါင်",3
"တွင်","မြေ",3
"တွင်","မွန်းလွဲပိုင်း",3
"တွင်","မော်တော်ယာဉ်",3
"တွင်","မဲရုံ",3
"တွင်","ယဉ်ကျေးမှု",3
"တွင်","ယှဉ်ပြိုင်ပွဲ",3
"တွင်","ရင်ပြင်",3
"တွင်","ရန်ပုံငွေ",3
"တွင်","ရမှတ်",3
"တွင်","ရွှေးကောက်ပွဲ",3
"တွင်","ရှန်ဟိုင်း",3
"တွင်","ရာစု",3
"တွင်","ရာထူး",3
"တွင်","ရာပေါင်း",3
"တွင်","ရေတပ်",3
"တွင်","ရေပိုင်နက်",3
"တွင်","ရောက်ရှိချိန်",3
"တွင်","လက်ကောက်ဝတ်",3
"တွင်","လက်မ",3
"တွင်","လမ်းစဉ်",3
"တွင်","လမ်းဘေး",3
"တွင်","လူထု",3
"တွင်","လူနာ",3
"တွင်","လောက",3
"တွင်","ဝက်ဝံ",3
"တွင်","ဝန်ကြီး",3
"တွင်","ဝန်ထမ်း",3
"တွင်","ဝီလ်ကီပီးဒီးယား",3
"တွင်","သင်ရိုးညွှန်းတမ်း",3
"တွင်","သန်း",3
"တွင်","သြဂုတ်",3
"တွင်","သား",3
"တွင်","သီချင်း",3
"တွင်","အကျိုးဆက်",3
"တွင်","အကြောင်းရင်း",3
"တွင်","အက်ဖ်",3
"တွင်","အက်ဥပဒေ",3
"တွင်","အချက်",3
"တွင်","အခြမ်း",3
"တွင်","အခွင့်အရေး",3
"တွင်","အခု",3
"တွင်","အစုအဝေး",3
"တွင်","အတ္တလန်တာ",3
"တွင်","အထောက်အကူ",3
"တွင်","အဒမ်",3
"တွင်","အဓိက",3
"တွင်","အနုပညာရှင်",3
"တွင်","အနောက်",3
"တွင်","အပြင်ဖက်",3
"တွင်","အပူချိန်",3
"တွင်","အမြင်",3
"တွင်","အမြင့်",3
"တွင်","အမြောက်အမြား",3
"တွင်","အမှတ်",3
"တွင်","အမေရိကား",3
"တွင်","အမ်ဝုဒ်",3
"တွင်","အရှေ့ဘက်",3
"တွင်","အလွဲသုံးစား",3
"တွင်","အိမ်တော်",3
"တွင်","အိုင်ယာလန်",3
"တွင်","အီဂျစ်",3
"တွင်","အီးမေး",3
"တွင်","အေ.အမ်",3
"တွင်","အောက်ဘက်",3
"တွင်","ဥပဒေကြမ်း",3
"တွင်","ဥယျာဉ်",3
"တွင်","GMT",2
"တွင်","ကက်စ်",2
"တွင်","ကင်ညာ",2
"တွင်","ကင်းဒန်း",2
"တွင်","ကစားချိန်",2
"တွင်","ကစားပွဲစဥ်",2
"တွင်","ကဗျာ",2
"တွင်","ကမ်းစပ်",2
"တွင်","ကမ်းနား",2
"တွင်","ကမ်းပါး",2
"တွင်","ကမ်းလွန်",2
"တွင်","ကယ်လီဒိုးနီးယား",2
"တွင်","ကျင်းပချိန်",2
"တွင်","ကျူးဘား",2
"တွင်","ကျေးရွာ",2
"တွင်","ကြမ်းပြင်",2
"တွင်","ကြားကာလ",2
"တွင်","ကြေညာရာ",2
"တွင်","ကလေး",2
"တွင်","ကွင်းစလန်း",2
"တွင်","ကွန်ယက်",2
"တွင်","ကာဒစ်",2
"တွင်","ကိရိယာ",2
"တွင်","ကိုင်ရို",2
"တွင်","ကို့စ်",2
"တွင်","ကိုဆိုဗို",2
"တွင်","ကိုပင်ဟေဂင်",2
"တွင်","ကိုယ်စားလှယ်လောင်း",2
"တွင်","ကုန်းတွင်းပိုင်း",2
"တွင်","ကုန်တိုက်",2
"တွင်","ကုန်းမြေ",2
"တွင်","ကော်ပိုရေးရှင်း",2
"တွင်","ချက်ဗ်",2
"တွင်","ခရစ်ကတ်",2
"တွင်","ခြံ",2
"တွင်","ခြံဝင်း",2
"တွင်","ခြေစစ်ပွဲ",2
"တွင်","ခလုပ်",2
"တွင်","ခေါင်စာရင်း",2
"တွင်","ဂဘ်ဘွန်",2
"တွင်","ဂျာကာတာ",2
"တွင်","ဂျာစီ",2
"တွင်","ဂျို့စ်",2
"တွင်","ဂျေရုစလင်",2
"တွင်","ဂျေရုဆလင်",2
"တွင်","စကွဲ",2
"တွင်","စက်မှု",2
"တွင်","စင်္ကာပူ",2
"တွင်","စစ်သား",2
"တွင်","စတင်ခဲ့ချိန်",2
"တွင်","စတပ်",2
"တွင်","စပါးသီးနှံ",2
"တွင်","စွမ်းရည်",2
"တွင်","စံသတ်မှတ်ချက်",2
"တွင်","စာတန်း",2
"တွင်","စားနပ်ရိက္ခာ",2
"တွင်","စာသား",2
"တွင်","စိတ်ကူး",2
"တွင်","စီးတီး",2
"တွင်","စီရင်စု",2
"တွင်","စီရင်စုနယ်",2
"တွင်","စီအန်အန်",2
"တွင်","စုံထောက်",2
"တွင်","ဆန့်ကျင်ဘက်",2
"တွင်","ဆန်ဖရန်စစ္စကို",2
"တွင်","ဆွေမျိုး",2
"တွင်","ဆားဗစ်",2
"တွင်","ဆာဘီးယား",2
"တွင်","ဆိုမာလီယာ",2
"တွင်","ဆီ",2
"တွင်","ဆီမီးဖိုင်နယ်",2
"တွင်","ဆော့ဖ်ဝဲလ်",2
"တွင်","ညဘက်",2
"တွင်","ညီအစ်ကို",2
"တွင်","တစ်နေရာရာ",2
"တွင်","တစ်လွှား",2
"တွင်","တည်ဆောက်ပုံ",2
"တွင်","တည်နေရာ",2
"တွင်","တန်း",2
"တွင်","တပ်",2
"တွင်","တပ်စခန်း",2
"တွင်","တပ်ရင်း",2
"တွင်","တရုတ်ပြည်",2
"တွင်","တွစ်တာ",2
"တွင်","တိရစ္ဆာန်ရုံ",2
"တွင်","တိရိစ္ဆာန်ရုံ",2
"တွင်","တိုက်",2
"တွင်","တိုင်ပေ",2
"တွင်","တိုင်းမ်",2
"တွင်","တိုရွန်တို",2
"တွင်","တီဗွီ",2
"တွင်","တုံ့ပြန်ရာ",2
"တွင်","တူ",2
"တွင်","တောင်ကြား",2
"တွင်","တောင်ကုန်း",2
"တွင်","ထင်မြင်ချက်",2
"တွင်","ဒဏ်ငွေ",2
"တွင်","ဒုံးကျည်",2
"တွင်","ဓာတ်ခွဲခန်း",2
"တွင်","ဓာတ်ပေါင်းဖို",2
"တွင်","နက်ဝက်",2
"တွင်","နံဘေး",2
"တွင်","နယ်စပ်",2
"တွင်","နျူကလီးယား",2
"တွင်","နှစ်စဉ်",2
"တွင်","နှစ်ပိုဒ်",2
"တွင်","နှစ်လယ်ပိုင်း",2
"တွင်","နှစ်ဝက်",2
"တွင်","နှိုင်းယှဉ်ရာ",2
"တွင်","နား",2
"တွင်","နားချိန်",2
"တွင်","နာယက",2
"တွင်","နာရီခွဲ",2
"တွင်","နိုင်ဂျီးရီးယား",2
"တွင်","နိုင်ငံသား",2
"တွင်","နီပေါ",2
"တွင်","နေချိန်",2
"တွင်","နေ့လယ်ပိုင်း",2
"တွင်","နောက်တန်း",2
"တွင်","နောက်ဘက်",2
"တွင်","ပစ္စည်း",2
"တွင်","ပညာရေး",2
"တွင်","ပန်း",2
"တွင်","ပန်စီဗန်နီးယား",2
"တွင်","ပရစ်",2
"တွင်","ပြစ်ဒဏ်",2
"တွင်","ပြဇာတ်ရုံ",2
"တွင်","ပြည့်နှစ်",2
"တွင်","ပြီးဆုံးချိန်",2
"တွင်","ပြောချိန်",2
"တွင်","ပိတ်ချိန်",2
"တွင်","ပိုလန်",2
"တွင်","ပီ.အမ်",2
"တွင်","ပုံသဏ္ဌာန်",2
"တွင်","ပေါင်",2
"တွင်","ဖက်",2
"တွင်","ဖြစ်ပွားချိန်",2
"တွင်","ဖာရင်ဟိုက်",2
"တွင်","ဖိလစ်ပိုင်",2
"တွင်","ဖိုရမ်",2
"တွင်","ဖီဂျီ",2
"တွင်","ဖေ့ဘုတ်",2
"တွင်","ဗြူးဖေါ့",2
"တွင်","ဘတ်ဂျက်",2
"တွင်","ဘန်ကောက်",2
"တွင်","ဘယ်လ်ဂျီယံ",2
"တွင်","ဘလိုချီစတန်",2
"တွင်","ဘလော့",2
"တွင်","ဘလော့ဂ်",2
"တွင်","ဘွဲ့",2
"တွင်","ဘာမင်ဟမ်",2
"တွင်","ဘာရိန်း",2
"တွင်","ဘာသာ",2
"တွင်","ဘိုလီးဗီးယား",2
"တွင်","ဘီဂျင်း",2
"တွင်","ဘီစီ",2
"တွင်","ဘောင်းဘီ",2
"တွင်","မက္ကာ",2
"တွင်","မက်ဒီဂတ်စကာ",2
"တွင်","မျက်နှာ",2
"တွင်","မျှော်စင်",2
"တွင်","မြက်ခင်းပြင်",2
"တွင်","မြစ်",2
"တွင်","မြို့တော်ဝန်",2
"တွင်","မိနစ်ပိုင်း",2
"တွင်","မိန်း",2
"တွင်","မိုက်ခရိုကာနယ်",2
"တွင်","မူးယစ်ဆေးဝါး",2
"တွင်","မူလ",2
"တွင်","မေး",2
"တွင်","မေးမြန်းချိန်",2
"တွင်","မဲလ်ဘုန်း",2
"တွင်","ယခုနေ့",2
"တွင်","ယူနိုက်တက်",2
"တွင်","ယူအက်",2
"တွင်","ရထား",2
"တွင်","ရန်ပွဲ",2
"တွင်","ရဝမ်ဒါ",2
"တွင်","ရှယ်ယာ",2
"တွင်","ရှိချိန်",2
"တွင်","ရှေ့နေ",2
"တွင်","ရာသီဥတု",2
"တွင်","ရုံးခန်း",2
"တွင်","ရေတိမ်ပိုင်း",2
"တွင်","ရေနံ",2
"တွင်","ရေပြင်",2
"တွင်","ရေယာဉ်",2
"တွင်","ရေးရာ",2
"တွင်","ရေအိုင်",2
"တွင်","ရော့",2
"တွင်","ရောင်းအား",2
"တွင်","ရောမ",2
"တွင်","ရဲ",2
"တွင်","လက္ခဏာ",2
"တွင်","လက်မှတ်",2
"တွင်","လင်းနို့",2
"တွင်","လမ်းခရီး",2
"တွင်","လမ်းခုလတ်",2
"တွင်","လျှောက်လွှာ",2
"တွင်","လွတ်တော်",2
"တွင်","လိုဂတ်",2
"တွင်","လီ",2
"တွင်","လီဗာပူး",2
"တွင်","လူဉီးရေ",2
"တွင်","လူမျိုး",2
"တွင်","လူဦးရေ",2
"တွင်","လေထဲ",2
"တွင်","လေးပုံတစ်ပုံ",2
"တွင်","လေယာဉ်မှူး",2
"တွင်","လေယာဉ်မောင်း",2
"တွင်","ဝက်ဝံညို",2
"တွင်","ဝင်ပေါက်",2
"တွင်","ဝဒ်ဆိုက်",2
"တွင်","ဝဘ်ဆိုက်",2
"တွင်","ဝီကီနယူး",2
"တွင်","ဝီကီနယူးစ်",2
"တွင်","ဝေး",2
"တွင်","ဝေးလ်",2
"တွင်","သဂေါ့ဖားသား",2
"တွင်","သစ်တော",2
"တွင်","သစ်ပင်",2
"တွင်","သတ္တဝါ",2
"တွင်","သတ်မှတ်ချက်",2
"တွင်","သပိတ်",2
"တွင်","သဘောတူညီချက်",2
"တွင်","သရုပ်ဆောင်ခန်း",2
"တွင်","သြဇာ",2
"တွင်","သဝဏ်လွှာ",2
"တွင်","သိချင်စိတ်",2
"တွင်","သီရိလင်္ကာ",2
"တွင်","သီအိုရီ",2
"တွင်","သေဒဏ်",2
"တွင်","ဟယ်စင်ကီ",2
"တွင်","ဟာဒ်",2
"တွင်","ဟောင်ကောင်",2
"တွင်","ဟောလီးဝုဒ်",2
"တွင်","အကျင့်",2
"တွင်","အကျဉ်းသား",2
"တွင်","အကျဥ်းထောင်",2
"တွင်","အကြံ",2
"တွင်","အကြိုဗိုလ်လုပွဲ",2
"တွင်","အကြောင်းအရင်း",2
"တွင်","အကုန်ပိုင်း",2
"တွင်","အက်စ်အယ်အမ်",2
"တွင်","အချိန်တိုလေး",2
"တွင်","အချိန်တိုအတွင်း",2
"တွင်","အင်ဂျင်",2
"တွင်","အင်ဒိုနီးရှား",2
"တွင်","အစည်းအဝေးပွဲ",2
"တွင်","အစီအရင်ခံစာ",2
"တွင်","အတတ်ပညာ",2
"တွင်","အတွင်းပိုင်း",2
"တွင်","အတ်ဒလိပ်",2
"တွင်","အနှစ်ချုပ်",2
"တွင်","အနား",2
"တွင်","အနီးဝန်းကျင်",2
"တွင်","အနောက်ဘက်ပိုင်း",2
"တွင်","အန်နာကော့ဒ်",2
"တွင်","အန်အိတ်ခ်ျအယ်လ်",2
"တွင်","အန်အေအိုအက်စ်စီ",2
"တွင်","အပစ်အခတ်",2
"တွင်","အပြုအမူ",2
"တွင်","အပေးအယူ",2
"တွင်","အဖွင့်",2
"တွင်","အဖွဲ့ချုပ်",2
"တွင်","အဖွဲ့ဝင်",2
"တွင်","အမတ်",2
"တွင်","အများပြည်သူ",2
"တွင်","အမျိုးမျိုး",2
"တွင်","အမျိုးသား",2
"တွင်","အမြန်လမ်း",2
"တွင်","အမှတ်အသား",2
"တွင်","အမှုကိစ္စ",2
"တွင်","အမှုထမ်း",2
"တွင်","အမိန့်",2
"တွင်","အယ်လ်ကာဇိုင်း",2
"တွင်","အရပ်သား",2
"တွင်","အရှေ့ဘက်ပိုင်း",2
"တွင်","အရာတိုင်း",2
"တွင်","အလက်စကာ",2
"တွင်","အဝေး",2
"တွင်","အသံ",2
"တွင်","အသင်းတော်",2
"တွင်","အသနားခံလွှာ",2
"တွင်","အသိုင်းအဝိုင်း",2
"တွင်","အားကစားပွဲ",2
"တွင်","အာဂျင်တီးနား",2
"တွင်","အာဆင်နယ်",2
"တွင်","အာဏာ",2
"တွင်","အာဏာပိုင်",2
"တွင်","အိတ်စ်ပလိုရာ",2
"တွင်","အိမ်ဖြူတော်",2
"တွင်","အိုင်ဖုန်း",2
"တွင်","အိုင်အိုဝါ",2
"တွင်","အိုးပင်း",2
"တွင်","အီး",2
"တွင်","အီးဘေး",2
"တွင်","အုပ်",2
"တွင်","အေဂျင်စီ",2
"တွင်","အေဇာဘိုင်ဂျန်",2
"တွင်","အေဘီစီ",2
"တွင်","အေအမ်",2
"တွင်","အောက်ခြေ",2
"တွင်","အော်ရီဂွန်",2
"တွင်","ဥရောပဇုန်",2
"တွင်","၁ရက်နေ့",1
"တွင်","၇:၃၀",1
"တွင်","၉၉ပီ/၉၉စီ",1
"တွင်","Answers.com",1
"တွင်","C",1
"တွင်","CentralWorld",1
"တွင်","II",1
"တွင်","UTC",1
"တွင်","www.icftu.org",1
"တွင်","ကံကြမ္မာ",1
"တွင်","ကင်ဂေရီ",1
"တွင်","ကင်စတန်",1
"တွင်","ကင်ဆာ",1
"တွင်","ကင်းဒန်",1
"တွင်","ကင်ဘာရာ",1
"တွင်","ကင်ရှာဆာ",1
"တွင်","ကစားကွက်",1
"တွင်","ကစားပွဲစဉ်",1
"တွင်","ကစားပုံ",1
"တွင်","ကတ်စီနီ",1
"တွင်","ကနဦး",1
"တွင်","ကန်ဒဟာ",1
"တွင်","ကန်နင်းဝေါ့ခ်",1
"တွင်","ကန်ဘာရာ",1
"တွင်","ကပြောင်းကပြန်",1
"တွင်","ကပ်ပပ်ကီး",1
"တွင်","ကပ်ဘေး",1
"တွင်","ကဗျာရှည်",1
"တွင်","ကဘူး",1
"တွင်","ကဘူးလ်",1
"တွင်","ကမ္ဘာတဝှမ်း",1
"တွင်","ကမ္ဘာလုံး",1
"တွင်","ကမ္ဘောဒီးယား",1
"တွင်","ကမ်ဘာလဲန်း",1
"တွင်","ကမ်းမြှောင်",1
"တွင်","ကမ်းရိုးတန်းပိုင်း",1
"တွင်","ကယ်ဂလိုရီး",1
"တွင်","ကျန်ချိန်",1
"တွင်","ကျမ်း",1
"တွင်","ကျရောက်ချိန်",1
"တွင်","ကျွန်းဆွယ်",1
"တွင်","ကျွန်းဆွယ်ပိုင်း",1
"တွင်","ကျားလေး",1
"တွင်","ကျောကုန်း",1
"တွင်","ကျောက်ဖြစ်ရုပ်ကြွင်း",1
"တွင်","ကရိယာ",1
"တွင်","ကရီဂါဗွန်",1
"တွင်","ကြက်တောင်",1
"တွင်","ကြသပတေးနေ့",1
"တွင်","ကြားချိန်",1
"တွင်","ကြားလွှာ",1
"တွင်","ကြိုးပမ်းရာ",1
"တွင်","ကြူဆာရာ",1
"တွင်","ကြေညာစာ",1
"တွင်","ကြေညာထားခံရချိန်",1
"တွင်","ကြေးမုံ",1
"တွင်","ကြော",1
"တွင်","ကြော်ငြာချက်",1
"တွင်","ကြော်ငြာချိန်",1
"တွင်","ကလန်နာရောင်း",1
"တွင်","ကလပ်",1
"တွင်","ကလေးသူငယ်",1
"တွင်","ကွက်",1
"တွင်","ကွင်းစလန်",1
"တွင်","ကွင်းစ်လန်",1
"တွင်","ကွင်းပြင်ကြီး",1
"တွင်","ကွန်တီ",1
"တွင်","ကွန်ဗားရှင်း",1
"တွင်","ကွာရီယို",1
"တွင်","ကွိင်းစ်လန်",1
"တွင်","ကွီးဘက်",1
"တွင်","ကား-ဗုံး",1
"တွင်","ကာကပ်",1
"တွင်","ကာကွယ်ဆေး",1
"တွင်","ကာကွယ်ရေး",1
"တွင်","ကားချပ်",1
"တွင်","ကာစ",1
"တွင်","ကာစီနို",1
"တွင်","ကာဇက်စတန်",1
"တွင်","ကာ့ဒ်",1
"တွင်","ကာနက်ဇ်",1
"တွင်","ကာနာဗာရယ်",1
"တွင်","ကာနေဗယ်ပွဲ",1
"တွင်","ကာဘလာ",1
"တွင်","ကာရစ်ဘီယန်",1
"တွင်","ကားရပ်နားရာနေရာ",1
"တွင်","ကာရာလာ",1
"တွင်","ကာလိုင်းလ်",1
"တွင်","ကာလီဆဲ",1
"တွင်","ကိတ်ကော့ဒ်",1
"တွင်","ကိုက်",1
"တွင်","ကိုဘီ",1
"တွင်","ကိုမိုရိုစကီ",1
"တွင်","ကိုယ်",1
"တွင်","ကိုယ်ခန္ဓာ",1
"တွင်","ကိုယ်ထည်",1
"တွင်","ကိုလမ်ဘီယာ",1
"တွင်","ကိုလီမင်း",1
"တွင်","ကီဂါလီ",1
"တွင်","ကီးနီး",1
"တွင်","ကီရာလာ",1
"တွင်","ကုန်",1
"တွင်","ကုန်ကျစားရိတ်",1
"တွင်","ကုန်စည်ဒိုင်",1
"တွင်","ကုန်တင်",1
"တွင်","ကုန်တွဲ",1
"တွင်","ကုန်ပစ္စည်း",1
"တွင်","ကုန်းပတ်",1
"တွင်","ကုန်ပိုင်း",1
"တွင်","ကုန်လှောင်ရုံ",1
"တွင်","ကုမ်မာ",1
"တွင်","ကုလသမဂ္ဂ",1
"တွင်","ကူဘီက",1
"တွင်","ကူရှင်",1
"တွင်","ကေအက်စ်စီ",1
"တွင်","ကေအန်ကေတီ",1
"တွင်","ကေအိုရှိုင်း",1
"တွင်","ကောက်ခံပွဲ",1
"တွင်","ကောင်တာ",1
"တွင်","ကောင့်ဒေါင်း",1
"တွင်","ကောဆူဇာဖိုင်လို",1
"တွင်","ကော့ရီရာ-မေးလ်",1
"တွင်","ကောလဟာလ",1
"တွင်","ကော်ပီ",1
"တွင်","ကော်ဖီ",1
"တွင်","ခ",1
"တွင်","ခံစားနေရချိန်",1
"တွင်","ခန္တာကိုယ်သွေး",1
"တွင်","ခန်းမဆောင်",1
"တွင်","ခန့်မှန်းချက်",1
"တွင်","ချဉ်းကပ်ပုံ",1
"တွင်","ချထားရေး",1
"တွင်","ချန်နိုင်း",1
"တွင်","ချန်ပီယံဆု",1
"တွင်","ချန်ပီယံပြိုင်ပွဲ",1
"တွင်","ချန်ပီယံပွဲ",1
"တွင်","ချယ်လ်ဆီး",1
"တွင်","ချာလော့",1
"တွင်","ချီတတ်ပွဲ",1
"တွင်","ချီရှီးယား",1
"တွင်","ချောင်",1
"တွင်","ချောင်း",1
"တွင်","ချဲဆီး",1
"တွင်","ခရစ္စမတ်",1
"တွင်","ခရစ်ကက်",1
"တွင်","ခရစ်စမတ်",1
"တွင်","ခရိ",1
"တွင်","ခရီးလမ်းကြောင်း",1
"တွင်","ခြင်",1
"တွင်","ခြံစည်းရိုး",1
"တွင်","ခြံရှေ့",1
"တွင်","ခြုံလွှာ",1
"တွင်","ခြေ",1
"တွင်","ခြေကျင်းဝတ်",1
"တွင်","ခြေစမ်းပွဲ",1
"တွင်","ခြေထောက်-ဘက်",1
"တွင်","ခြေဖဝါး",1
"တွင်","ခွင့်",1
"တွင်","ခွေး",1
"တွင်","ခွဲရေး",1
"တွင်","ခွဲဝေပေးရေး",1
"တွင်","ခါတွန်",1
"တွင်","ခိုခတ္တား",1
"တွင်","ခုံတန်း",1
"တွင်","ခုနှစ်-နှစ်-အရွယ်",1
"တွင်","ခုန်ပျံပွဲ",1
"တွင်","ခေတ္တ",1
"တွင်","ခေါင်း",1
"တွင်","ခေါင်းစည်း",1
"တွင်","ခေါင်းဆောင်",1
"တွင်","ခေါင်းပန်းလှန်",1
"တွင်","ခေါ်ဆောင်ခံရချိန်",1
"တွင်","ခဲယမ်း",1
"တွင်","ဂတ်ရာ",1
"တွင်","ဂယက်",1
"တွင်","ဂျ-အီလာ",1
"တွင်","ဂျက်ကက်စ်",1
"တွင်","ဂျက်ဆင်",1
"တွင်","ဂျက်ဆန်",1
"တွင်","ဂျင်မာနက်",1
"တွင်","ဂျနီဖာ",1
"တွင်","ဂျားဗား",1
"တွင်","ဂျာရက်",1
"တွင်","ဂျီ",1
"တွင်","ဂျီဒီပီ",1
"တွင်","ဂျီနီဗာ",1
"တွင်","ဂျီဘူတီ",1
"တွင်","ဂျီဟတ်",1
"တွင်","ဂျုတ်ဘွတ်",1
"တွင်","ဂျူရီ",1
"တွင်","ဂျော့",1
"တွင်","ဂျော်ဂျီယာ",1
"တွင်","ဂျော်ဂျီရာ",1
"တွင်","ဂရိမ်",1
"တွင်","ဂြိုင်ရိုစကုပ်",1
"တွင်","ဂြိုဟ်",1
"တွင်","ဂြိုဟ်တု",1
"တွင်","ဂလက်ဂိုး",1
"တွင်","ဂလဲနောဟေ",1
"တွင်","ဂွန်ဇာလီစ်",1
"တွင်","ဂါးဒီးယန်း",1
"တွင်","ဂါဘွန်",1
"တွင်","ဂိတ်",1
"တွင်","ဂိုင်း",1
"တွင်","ဂိုးစည်း",1
"တွင်","ဂိုထောင်",1
"တွင်","ဂိုးရှေ့",1
"တွင်","ဂိုရီ",1
"တွင်","ဂီတ",1
"တွင်","ဂီယာနာ",1
"တွင်","ဂူ",1
"တွင်","ဂူးဂဲလ်",1
"တွင်","ဂူနဝမ်",1
"တွင်","ဂူနီရ",1
"တွင်","ဂူလီယာနီ",1
"တွင်","ဂေဇယ်",1
"တွင်","ဂေးလ်ဆန်",1
"တွင်","ဂေဟာ",1
"တွင်","ဃ",1
"တွင်","ငြင်းချက်",1
"တွင်","ငါးမျှားချိတ်",1
"တွင်","စကွေး",1
"တွင်","စကွဲယား",1
"တွင်","စကားပြန်",1
"တွင်","စကားပွဲ",1
"တွင်","စကားရပ်",1
"တွင်","စကားဝိုင်း",1
"တွင်","စကေး",1
"တွင်","စက်ခန်း",1
"တွင်","စက်တင်ဘာ-လလယ်",1
"တွင်","စက်ဘီး",1
"တွင်","စင်",1
"တွင်","စင်ကာပူ",1
"တွင်","စင်တီမီတာ",1
"တွင်","စင်ပေါ်",1
"တွင်","စင်မြင်",1
"တွင်","စစ်ဆင်ရေး",1
"တွင်","စစ်ဆေးချက်",1
"တွင်","စစ်ဌာနချုပ်",1
"တွင်","စစ်တလင်း",1
"တွင်","စစ်ထိုးပွဲ",1
"တွင်","စစ်ပြီးခေတ်",1
"တွင်","စစ်မြေပြင်",1
"တွင်","စစ်ရေး",1
"တွင်","စစ်သွေးကြွ",1
"တွင်","စည်းကမ်းချက်",1
"တွင်","စည်းဖလား",1
"တွင်","စည်းမျဉ်းစည်းကမ်း",1
"တွင်","စည်းမျဥ်း",1
"တွင်","စည်းရုံးလှုံ့ဆော်ရာ",1
"တွင်","စတက်မန်",1
"တွင်","စတန်းဖို့",1
"တွင်","စတန်ရူးစ်",1
"တွင်","စတြီးရန်း",1
"တွင်","စတွိ",1
"တွင်","စတာလင်ပေါင်",1
"တွင်","စတိတ်",1
"တွင်","စတိုး",1
"တွင်","စတီဖင်ဗဲ",1
"တွင်","စတီဗင်",1
"တွင်","စတီးရောစ်",1
"တွင်","စတော့ဟုမ်း",1
"တွင်","စံနှုန်း",1
"တွင်","စနေနေ့",1
"တွင်","စပင်ဆာ",1
"တွင်","စပရင်ဂါ",1
"တွင်","စပါးခင်း",1
"တွင်","စမစ်",1
"တွင်","စမတ်",1
"တွင်","စမတ်ဖုန်း",1
"တွင်","စမ်းသပ်ခန်း",1
"တွင်","စျေးနှုန်း",1
"တွင်","စွပ်စွဲချက်",1
"တွင်","စွမ်းအားစု",1
"တွင်","စအို",1
"တွင်","စာကြည့်တိုက်",1
"တွင်","စာကိုယ်",1
"တွင်","စာချုပ်စာတမ်း",1
"တွင်","စာချုပ်မူကြမ်း",1
"တွင်","စာစု",1
"တွင်","စာတမ်းဖတ်ပွဲ",1
"တွင်","စားနေကျအစားအစာ",1
"တွင်","စာရိတ္တ",1
"တွင်","စာသင်ကျောင်း",1
"တွင်","စားသောက်ကုန်",1
"တွင်","စာအိတ်",1
"တွင်","စိတ်ကြိုက်",1
"တွင်","စိတ်တွင်း",1
"တွင်","စိန်ခေါ်ပွဲ",1
"တွင်","စိန့်ပေါ",1
"တွင်","စိုက်ကွင်း",1
"တွင်","စိုက်ပျိုးခန်း",1
"တွင်","စီဒီ",1
"တွင်","စီဒီတီ",1
"တွင်","စီနယ်",1
"တွင်","စီနာကိ",1
"တွင်","စီရင်ထုံး",1
"တွင်","စီဟင်",1
"တွင်","စီအက်စ်အိုင်အာအို",1
"တွင်","စီအမ်အေဂျေ",1
"တွင်","စီအာတီစီ",1
"တွင်","စီအီးအာအန်",1
"တွင်","စီအေ",1
"တွင်","စုံစမ်းစစ်ဆေးရေး",1
"တွင်","စုစုပေါင်း",1
"တွင်","စုံတွဲ",1
"တွင်","စောပိုင်း",1
"တွင်","ဆက်",1
"တွင်","ဆက်စ်ခက်ချဝမ်",1
"တွင်","ဆက်သွယ်ရာ",1
"တွင်","ဆက်သွယ်ရေး",1
"တွင်","ဆင့်ကဲဖြစ်စဉ်",1
"တွင်","ဆင့်ခေါ်စာ",1
"တွင်","ဆင့်ခေါ်စာတွဲ",1
"တွင်","ဆန္ဒမဲ",1
"တွင်","ဆန့်ကျင်ရေး",1
"တွင်","ဆန်းစစ်ရာ",1
"တွင်","ဆန်တီရာဂို",1
"တွင်","ဆန်ဒီကို",1
"တွင်","ဆန်းပိုင်း",1
"တွင်","ဆန်းမားဖီး",1
"တွင်","ဆယ်ဂဏန်း",1
"တွင်","ဆယ်ဗက်ဂါ",1
"တွင်","ဆရာဝန်",1
"တွင်","ဆရာဝန်-အများအပြား",1
"တွင်","ဆလိုဗေးနီးယား",1
"တွင်","ဆွန်းဆီးစ်",1
"တွင်","ဆွန်နီ",1
"တွင်","ဆွီဒင်",1
"တွင်","ဆွေးနွေးဝိုင်း",1
"တွင်","ဆွဲငင်အား",1
"တွင်","ဆာခွရီမ",1
"တွင်","ဆာဗာ",1
"တွင်","ဆာမာရီးယား",1
"တွင်","ဆာလီး",1
"တွင်","ဆိနိတ်",1
"တွင်","ဆိုးကျိုး",1
"တွင်","ဆိုးကြီး",1
"တွင်","ဆိုက်ဘေးရီးယား",1
"တွင်","ဆိုချီ",1
"တွင်","ဆိုခ်ျ",1
"တွင်","ဆိုင်းဘုတ်",1
"တွင်","ဆိုင်းယင့်တော်လော်ဂျီ",1
"တွင်","ဆိုင်းယင့်တော်လော်ဂျီဝင်",1
"တွင်","ဆိုင်ရပ်စ်",1
"တွင်","ဆိုမာလီ",1
"တွင်","ဆိုမေးလီးယား",1
"တွင်","ဆိုးလ်",1
"တွင်","ဆီတဲလ်",1
"တွင်","ဆီနိတ်",1
"တွင်","ဆီးနိတ်",1
"တွင်","ဆီမီးပွဲစဉ်",1
"တွင်","ဆီးမီးဖိုင်နယ်",1
"တွင်","ဆုံးဖြတ်ခဲ့ချိန်",1
"တွင်","ဆူဇီဗာ",1
"တွင်","ဆူတန်",1
"တွင်","ဆူနာမီ",1
"တွင်","ဆူပင်ယ",1
"တွင်","ဆူဗား",1
"တွင်","ဆေးဆိုင်",1
"တွင်","ဆေးပမာဏ",1
"တွင်","ဆေးဖျန်းရာ",1
"တွင်","ဆေးရွက်ကြီး",1
"တွင်","ဆေးရုံကြီး",1
"တွင်","ဆော့ကာရိုးစ်",1
"တွင်","ဆောင်ပုဒ်",1
"တွင်","ဆောင်ရွက်နေချိန်",1
"တွင်","ဆော့ဖ်ဝဲ",1
"တွင်","ဆော်ဘီ",1
"တွင်","ဆော်လမွန်",1
"တွင်","ဇန်နီမာ",1
"တွင်","ဇွန်",1
"တွင်","ဇာတိ",1
"တွင်","ဇာမတ်",1
"တွင်","ဇိုကီရီ",1
"တွင်","ဇူးရစ်ခ်ျ",1
"တွင်","ဇူလိုင်လ-လယ်",1
"တွင်","ဈာပန",1
"တွင်","ဉရောပ",1
"တွင်","ညနက်ပိုင်း",1
"တွင်","ညပိုင်း",1
"တွင်","ညလုံးပေါက်",1
"တွင်","ညွန့်ပေါင်းအဖွဲ့",1
"တွင်","ညှိနှိုင်းစာချုပ်",1
"တွင်","ညာဘက်",1
"တွင်","ဋ္ဌာန",1
"တွင်","ဌာနချုပ်",1
"တွင်","တကယ်တမ်း",1
"တွင်","တကြိမ်",1
"တွင်","တက်စကို",1
"တွင်","တက်ဇက်စ်",1
"တွင်","တက်ဇာစ်",1
"တွင်","တက်ဟီဗလီ",1
"တွင်","တချို့",1
"တွင်","တံခါးဝ",1
"တွင်","တခုခု",1
"တွင်","တင်းမာဂါရ",1
"တွင်","တင်းမာနေချိန်",1
"တွင်","တစ်-ဘက်သတ်",1
"တွင်","တစ်ကွေ့",1
"တွင်","တစ်ချိန်",1
"တွင်","တစ်ဆု",1
"တွင်","တစ်ည",1
"တွင်","တစ်ဖက်",1
"တွင်","တစ်ဖက်စီ",1
"တွင်","တစ်ဖက်ယာဉ်ကြော",1
"တွင်","တစ်ဖက်လူ",1
"တွင်","တစ်မျိုးမျိုး",1
"တွင်","တစ်ရွာ",1
"တွင်","တစ်သျှုး",1
"တွင်","တစ်သျူး",1
"တွင်","တည်ငြိမ်ရေး",1
"တွင်","တည်ဆောက်သူ",1
"တွင်","တတိယပိုင်း",1
"တွင်","တတ်နိုင်စွမ်း",1
"တွင်","တန်ခိုးအာဏာ",1
"တွင်","တန်းဒူလ်ကာ",1
"တွင်","တပ်စု",1
"တွင်","တပ်သား",1
"တွင်","တဖက်လူ",1
"တွင်","တဘီလီစီ",1
"တွင်","တယ်လီဖုန်း",1
"တွင်","တရားရုံးချုပ်",1
"တွင်","တရားဥပဒေ",1
"တွင်","တဝှမ်း",1
"တွင်","တွင်းတူးစင်",1
"တွင်","တွိ",1
"တွင်","တွိုင်ရယ်",1
"တွင်","တွဲဖက်",1
"တွင်","တွဲလ်ပကွိရမ်း",1
"တွင်","တသက်တာ",1
"တွင်","တာတိုပြေးပွဲ",1
"တွင်","တာလင်",1
"တွင်","တိဗက်",1
"တွင်","တိဘက်",1
"တွင်","တိရစ္ဆာန်",1
"တွင်","တို",1
"တွင်","တို့",1
"တွင်","တိုက်ချိန်",1
"တွင်","တိုက်ခိုက်မှု",1
"တွင်","တိုက်ခိုက်ရေး",1
"တွင်","တိုက်ဖျက်ရေး",1
"တွင်","တိုင်",1
"တွင်","တိုင်းကြားချက်",1
"တွင်","တိုလီဒို",1
"တွင်","တီးနက်",1
"တွင်","တီပီဘီ",1
"တွင်","တုန့်ပြန်",1
"တွင်","တူးစင်",1
"တွင်","တောင်း",1
"တွင်","တောင်ဆင်းပြိုင်ပွဲ",1
"တွင်","တောင်ထိပ်",1
"တွင်","တောင်ဖက်",1
"တွင်","တော်ရွန်ဒို",1
"တွင်","တော်ရိုတို",1
"တွင်","တော်လှန်ရေး",1
"တွင်","တဲန်းနစ်",1
"တွင်","တဲရန်",1
"တွင်","ထက်",1
"တွင်","ထင်မြင်ခဲ့ချိန်",1
"တွင်","ထင်ရချိန်",1
"တွင်","ထရက်စ်ဖို့",1
"တွင်","ထရက်ဖော့",1
"တွင်","ထိပ်ပိုင်း",1
"တွင်","ထိုင်း",1
"တွင်","ထိုးစစ်",1
"တွင်","ထိုစဉ်",1
"တွင်","ထိုနေရာ",1
"တွင်","ထုတ်ကုန်",1
"တွင်","ထုတ်ထားချိန်",1
"တွင်","ထုတ်ပေးခဲ့ချိန်",1
"တွင်","ထုတ်လွှင့်မည့်အရာ",1
"တွင်","ထောက်ခံအကြံပြုချက်",1
"တွင်","ထောင်ထဲ",1
"တွင်","ထောင်ဒဏ်",1
"တွင်","ဒက်ကန်",1
"တွင်","ဒဏ္ဍာရီ",1
"တွင်","ဒဗျူအမ်ဒီ",1
"တွင်","ဒဗလျူအိခ်ျအို",1
"တွင်","ဒမတ်စကတ်စ်",1
"တွင်","ဒယ်ဖီယာ",1
"တွင်","ဒရန်းဂိုး",1
"တွင်","ဒရမ်",1
"တွင်","ဒရိုက်",1
"တွင်","ဒါဖာ",1
"တွင်","ဒါဘီ",1
"တွင်","ဒါးရက်စ်",1
"တွင်","ဒါရွန်",1
"တွင်","ဒါရိုက်တာ",1
"တွင်","ဒါလီလာမားဆိုင်",1
"တွင်","ဒိန်းမတ်",1
"တွင်","ဒိုင်ခွက်ဘောင်",1
"တွင်","ဒိုင်းနမိုက်",1
"တွင်","ဒိုင်အောက်ဆိုဒ်",1
"တွင်","ဒိုမိန်း",1
"တွင်","ဒိုဟာ",1
"တွင်","ဒီ",1
"တွင်","ဒီ.စီ.",1
"တွင်","ဒီကလမ်",1
"တွင်","ဒီဂို",1
"တွင်","ဒီဒဗလျူပီ",1
"တွင်","ဒီဗာဇလီစ်",1
"တွင်","ဒီမိုကရက်ပါတီ",1
"တွင်","ဒီမိုကရေစီ",1
"တွင်","ဒီရာ့စ်",1
"တွင်","ဒီလို",1
"တွင်","ဒူဂျေး",1
"တွင်","ဒူဘိုင်း",1
"တွင်","ဒေသခံ",1
"တွင်","ဒေသခံပေါင်း",1
"တွင်","ဒေါ့တီ",1
"တွင်","ဒေါ်လာ",1
"တွင်","ဒဲလ်စ်",1
"တွင်","ဓားစာခံ",1
"တွင်","ဓာတု",1
"တွင်","ဓာတုစွမ်းရည်",1
"တွင်","ဓာတ်တိုင်",1
"တွင်","ဓာတ်ပုံ",1
"တွင်","ဓာတ်အား",1
"တွင်","ဓားပြ",1
"တွင်","နက်ဝပ်",1
"တွင်","နက်ဝပ်ရောက်တာ",1
"တွင်","နက်ဝေါ့",1
"တွင်","နစ်စက်",1
"တွင်","နည်းစနစ်",1
"တွင်","နည်းပြ",1
"တွင်","နန်နွတ်ခ်",1
"တွင်","နပန်း",1
"တွင်","နပွာ",1
"တွင်","နဖူး",1
"တွင်","နမီးဘီးယား",1
"တွင်","နယူးတောင်းဟန်မင်တန်",1
"တွင်","နယ်စပ်ကြား",1
"တွင်","နယ်ဒေသ",1
"တွင်","နယ်နမိတ်",1
"တွင်","နယ်သာလန်",1
"တွင်","နရှာဘန်ဒီယ",1
"တွင်","နှစ်ပတ်လည်ပွဲ",1
"တွင်","နှစ်လည်ပိုင်း",1
"တွင်","နှစ်လယ်",1
"တွင်","နှလုံးသား",1
"တွင်","နာဆာ",1
"တွင်","နာဇရန်",1
"တွင်","နာတန်ရာ",1
"တွင်","နာမည်",1
"တွင်","နာမီ",1
"တွင်","နာရီပိုင်း",1
"တွင်","နိဒါန်း",1
"တွင်","နိမ့်ပိုင်း",1
"တွင်","နိုင်ငံ့ကြွေးမြီ",1
"တွင်","နိုင်ငံခြား",1
"တွင်","နိုင်ငံတကာပွဲ",1
"တွင်","နိုင်ငံပေါင်း",1
"တွင်","နိုင်ငံရပ်ခြား",1
"တွင်","နိုဝင်ဘာ",1
"တွင်","နီဂျိုင်ဒါ",1
"တွင်","နီးပါ",1
"တွင်","နီးလပ်",1
"တွင်","နုဂျန်",1
"တွင်","နေ့ခင်း",1
"တွင်","နေ့စွဲပါ",1
"တွင်","နေလည်",1
"တွင်","နေ့လည်ခင်း",1
"တွင်","နော့",1
"တွင်","နောက်ကျော",1
"တွင်","နောက်ခံမြင်ကွင်း",1
"တွင်","နောက်ဆက်စကား",1
"တွင်","နောက်ဆက်တွဲ",1
"တွင်","နောက်တနေ့",1
"တွင်","နောက်ဘက်ပိုင်း",1
"တွင်","နောင်း",1
"တွင်","နောင်တစ်ချိန်",1
"တွင်","နော့ဟိုထ်",1
"တွင်","ပက်စ်ကာရာ",1
"တွင်","ပင်ကိုယ်စွမ်းရည်",1
"တွင်","ပင်နတီ",1
"တွင်","ပင်မ",1
"တွင်","ပင်ရီ",1
"တွင်","ပင်ဟေဂင်",1
"တွင်","ပစ်၍",1
"တွင်","ပစ်ကင်းစ်",1
"တွင်","ပစ်မှတ်",1
"တွင်","ပစ်ရာ",1
"တွင်","ပညာရှင်",1
"တွင်","ပဏာမ",1
"တွင်","ပထဝီစာအုပ်",1
"တွင်","ပန်းချီကား",1
"တွင်","ပန်စစ်ဗန်းနီးယား",1
"တွင်","ပန်ဆီဗေးနီးယား",1
"တွင်","ပန်းတိုင်",1
"တွင်","ပန်ဟာဂန်",1
"တွင်","ပံ့ပိုးသူ",1
"တွင်","ပျက်ကျချိန်",1
"တွင်","ပျံ့နှံ့",1
"တွင်","ပျမ်းမျှတန်ဖိုး",1
"တွင်","ပရဝုဏ်",1
"တွင်","ပရိတ်သတ်",1
"တွင်","ပရိယာယ်",1
"တွင်","ပရိုင်မာရီ",1
"တွင်","ပရီးမီးယားရှစ်",1
"တွင်","ပရောဂျက်",1
"တွင်","ပြင်ဆင်နေချိန်",1
"တွင်","ပြင်ဆင်ရာ",1
"တွင်","ပြင်ဆင်ရေး",1
"တွင်","ပြစ်ဒဏ်ကြေး",1
"တွင်","ပြည်နယ်စု",1
"တွင်","ပြည်နှင်ဒဏ်",1
"တွင်","ပြည်မကြီး",1
"တွင်","ပြည်ဝင်ခွင့်ဗီဇာ",1
"တွင်","ပြည်သူ",1
"တွင်","ပြတင်းပေါက်",1
"တွင်","ပြန်ပေးဆွဲခံရချိန်",1
"တွင်","ပြန်လမ်း",1
"တွင်","ပြန်အမ်းငွေ",1
"တွင်","ပြွန်",1
"တွင်","ပြသရာ",1
"တွင်","ပြိုကျချိန်",1
"တွင်","ပြိုင်ပွဲစဉ်",1
"တွင်","ပြိုင်ပွဲဇယား",1
"တွင်","ပြိုင်ပွဲရာသီ",1
"တွင်","ပြိုင်ဘက်",1
"တွင်","ပြိုင်ရာ",1
"တွင်","ပြီးခါနီး",1
"တွင်","ပြုလုပ်နေချိန်",1
"တွင်","ပြေစာ",1
"တွင်","ပြေးရာ",1
"တွင်","ပြောကြားချက်",1
"တွင်","ပလိန်း",1
"တွင်","ပွဲဝက်",1
"တွင်","ပါးစပ်",1
"တွင်","ပါးစပ်ရာဇဝင်",1
"တွင်","ပါဆယ်",1
"တွင်","ပါ့တ်",1
"တွင်","ပါရာဒတ်",1
"တွင်","ပါရာဒိုက်",1
"တွင်","ပါရာဒိုက်စ်",1
"တွင်","ပါရာဒီပလပ်",1
"တွင်","ပါရာလစ်ပစ်",1
"တွင်","ပါရာလံပစ်ပွဲ",1
"တွင်","ပါဝါ",1
"တွင်","ပိတ်ဆို့ချိန်",1
"တွင်","ပိတ်ဆို့ပေါက်",1
"တွင်","ပိတ်ပွဲ",1
"တွင်","ပိတ်လှောင်ခံရချိန်",1
"တွင်","ပိုက်ဆံ",1
"တွင်","ပိုက်လိုင်း",1
"တွင်","ပိုင်စလယ်",1
"တွင်","ပိုင်ရှင်",1
"တွင်","ပီတာစဘက်",1
"တွင်","ပီတီ",1
"တွင်","ပီဘီလီ",1
"တွင်","ပီဘီအက်စ်",1
"တွင်","ပုံနှိပ်စာမူကြမ်း",1
"တွင်","ပုံနှိပ်ထုတ်စက်",1
"တွင်","ပူဂျို",1
"တွင်","ပူးပေါင်း",1
"တွင်","ပေကျင်း",1
"တွင်","ပေးစာ",1
"တွင်","ပေ့စ်",1
"တွင်","ပေးအပ်ငွေ",1
"တွင်","ပေါက်ကွဲချိန်",1
"တွင်","ပေါက်ကွဲခဲ့ချိန်",1
"တွင်","ပေါက်ကွဲမူ",1
"တွင်","ပေါင်း",1
"တွင်","ပေါ့သ်ခရီစာ",1
"တွင်","ပေါ်",1
"တွင်","ပဲရစ်",1
"တွင်","ဖင်လန်",1
"တွင်","ဖန်",1
"တွင်","ဖန်သားပြင်",1
"တွင်","ဖျား",1
"တွင်","ဖရက်ကင်",1
"တွင်","ဖရက်နို",1
"တွင်","ဖရန့်",1
"တွင်","ဖရန်ကလင်စတိန်း",1
"တွင်","ဖြစ်ချိန်",1
"တွင်","ဖြစ်ခဲ့ချိန်",1
"တွင်","ဖြစ်ပွားမူ",1
"တွင်","ဖြစ်ပေါ်လာချိန်",1
"တွင်","ဖြစ်လာချိန်",1
"တွင်","ဖြစ်သွားချိန်",1
"တွင်","ဖြတ်သန်းခွင့်",1
"တွင်","ဖြေရာ",1
"တွင်","ဖလှယ်ရေး",1
"တွင်","ဖလိန်း",1
"တွင်","ဖလိုင်း",1
"တွင်","ဖလော်ရီတာ",1
"တွင်","ဖွင့်ပွဲ",1
"တွင်","ဖွဲ့စည်းပုံ",1
"တွင်","ဖိစ်ယာ",1
"တွင်","ဖိအား",1
"တွင်","ဖိုးချမ်း",1
"တွင်","ဖိုင်နယ်ရှယ်တိုင်း",1
"တွင်","ဖီဂါရို",1
"တွင်","ဖီလဒယ်ဖီယာ",1
"တွင်","ဖီလာဒယ်ဖီယာ",1
"တွင်","ဖီလ်",1
"တွင်","ဖုန်းမက်ဆေ့",1
"တွင်","ဖောက်ခွဲချိန်",1
"တွင်","ဖောက်ခွဲရေး",1
"တွင်","ဖောက်သည်",1
"တွင်","ဖောင်ဒေးရှင်း",1
"တွင်","ဖော်ဆီ",1
"တွင်","ဖော်ဆောင်နိုင်ရေး",1
"တွင်","ဗန်ကိုဗာ",1
"တွင်","ဗန်ကူဗား",1
"တွင်","ဗျူးခရက်စ်",1
"တွင်","ဗလာဒီဗိုလ်စတော့ခ်",1
"တွင်","ဗဟို",1
"တွင်","ဗာဂျီးနီးယား",1
"တွင်","ဗာနွန်",1
"တွင်","ဗားရှင်း",1
"တွင်","ဗီဇ",1
"တွင်","ဗီယက်နမ်",1
"တွင်","ဗီယမ်နမ်",1
"တွင်","ဗီယမ်နာ",1
"တွင်","ဗီလာရပ်စ်",1
"တွင်","ဗီလ်",1
"တွင်","ဗီလ်ဗိုလ်ရယ်ဒ်",1
"တွင်","ဗုံ-လုပ်ရာ",1
"တွင်","ဗုံးခွဲရာ",1
"တွင်","ဗုံးပေါက်ကွဲ",1
"တွင်","ဗေးလ်",1
"တွင်","ဗော့ဂ်တ်",1
"တွင်","ဘက်ခြမ်း",1
"တွင်","ဘက်စ်ကား",1
"တွင်","ဘက်စ်ရာ",1
"တွင်","ဘက်မာတီ",1
"တွင်","ဘင်္ဂလားဒေ့ရှ်",1
"တွင်","ဘစ်ရှားဝါး",1
"တွင်","ဘတ်ကား",1
"တွင်","ဘတ်ဂျစ်",1
"တွင်","ဘတ်စ်ကျုး",1
"တွင်","ဘတ်တော့စ်",1
"တွင်","ဘန်း",1
"တွင်","ဘန်းစကား",1
"တွင်","ဘန်စတန်",1
"တွင်","ဘန်ဟီယန်",1
"တွင်","ဘယ်ဂျီယံ",1
"တွင်","ဘယ်တီ",1
"တွင်","ဘရစ်တွန်",1
"တွင်","ဘရပ်ရှ်",1
"တွင်","ဘရမ်မ်တန်",1
"တွင်","ဘရွတ်",1
"တွင်","ဘရွတ်ကလင်း",1
"တွင်","ဘရွန်ကို့စ်",1
"တွင်","ဘရွန်မီ",1
"တွင်","ဘရားသား",1
"တွင်","ဘရိုက်",1
"တွင်","ဘရုနို",1
"တွင်","ဘရူဆဲလ်",1
"တွင်","ဘွန်း",1
"တွင်","ဘား",1
"တွင်","ဘာကူ",1
"တွင်","ဘာဆယ်",1
"တွင်","ဘားပွဲ",1
"တွင်","ဘားဘားရ",1
"တွင်","ဘာမင်ဂမ်",1
"တွင်","ဘာမင်ဟန်",1
"တွင်","ဘာလင်",1
"တွင်","ဘာလီ",1
"တွင်","ဘာလူကိုနီ",1
"တွင်","ဘာသာတရား",1
"တွင်","ဘိုနာ",1
"တွင်","ဘီဒီယန်",1
"တွင်","ဘီဘီစီ",1
"တွင်","ဘီလီယမ်",1
"တွင်","ဘီအက်တီ",1
"တွင်","ဘုန်းကြီးကျောင်း",1
"တွင်","ဘုံဘေ",1
"တွင်","ဘုရှ်",1
"တွင်","ဘူချာရက်",1
"တွင်","ဘူချာရတ်",1
"တွင်","ဘူခါ",1
"တွင်","ဘူဂေးလ်ရီးယား",1
"တွင်","ဘူတာ",1
"တွင်","ဘူတာရုံ",1
"တွင်","ဘူဒါပက်",1
"တွင်","ဘေကွန်ဖီးလ်",1
"တွင်","ဘေစင်",1
"တွင်","ဘေးစည်း",1
"တွင်","ဘေ့စ်ဘော",1
"တွင်","ဘေးနှစ်ဖက်",1
"တွင်","ဘေးဖက်",1
"တွင်","ဘေးဘက်",1
"တွင်","ဘောက်စ်",1
"တွင်","ဘောင်",1
"တွင်","ဘောင်းလ်",1
"တွင်","ဘော့မန်း",1
"တွင်","ဘောလုံးပွဲ",1
"တွင်","မက္ကစီကို",1
"တွင်","မက်ကီဗေး",1
"တွင်","မက်ဆင်ဂျာ",1
"တွင်","မက်ဆာချူးဆက်",1
"တွင်","မက်မီလမ်",1
"တွင်","မင်နီဆိုတာ",1
"တွင်","မင်းသား",1
"တွင်","မင်္ဂလာဧည့်ခံပွဲ",1
"တွင်","မစ်စူရီ",1
"တွင်","မည်သည်နည်း",1
"တွင်","မတင်ပြီးဆုံးချိန်",1
"တွင်","မတ်ကိန်း",1
"တွင်","မတ်ရှ်",1
"တွင်","မန်ဆာချူးဆက်",1
"တွင်","မန်နီဆိုတာ",1
"တွင်","မယ်ဒီယမ်",1
"တွင်","မျက်စာ",1
"တွင်","မျက်လုံး",1
"တွင်","မျိုးစိတ်",1
"တွင်","မျိုးစုံ",1
"တွင်","မျိုးနွယ်",1
"တွင်","မျောက်",1
"တွင်","မရှိချိန်",1
"တွင်","မရှိတရှိ",1
"တွင်","မြင်းပြိုင်ကွင်း",1
"တွင်","မြို့ကြီး",1
"တွင်","မြို့တွင်း",1
"တွင်","မြို့တော်စည်ပင်",1
"တွင်","မြို့ဝင်ဂိတ်",1
"တွင်","မြေနိမ့်ပိုင်း",1
"တွင်","မြေအောက်ခန်း",1
"တွင်","မြောက်",1
"တွင်","မြောက်ဘက်ပိုင်း",1
"တွင်","မလေးရှား",1
"တွင်","မွန်ဂါးဒစ်ရူ",1
"တွင်","မွန်းတည့်",1
"တွင်","မွန်တီနီဂရိုး",1
"တွင်","မွန်ဘိုင်း",1
"တွင်","မွမ်ဘိုင်း",1
"တွင်","မွေးနေ့",1
"တွင်","မသိစိတ်",1
"တွင်","မဟာဗျူဟာ",1
"တွင်","မဟာမိတ်",1
"တွင်","မှတ်တမ်းမှတ်ရာ",1
"တွင်","မှန်",1
"တွင်","မှန်ပြောင်း",1
"တွင်","မှန်မှန်",1
"တွင်","မှုခင်းပညာ",1
"တွင်","မှောက်ခဲ့ချိန်",1
"တွင်","မာဂိုလီ",1
"တွင်","မာစီလီ",1
"တွင်","မာတင်",1
"တွင်","မာလစ်ခ်",1
"တွင်","မာဝါကီ",1
"တွင်","မာဟန်",1
"တွင်","မိတ္တူ",1
"တွင်","မိန်းမ",1
"တွင်","မိဘ",1
"တွင်","မိုက်ကယ်",1
"တွင်","မိုက်တိုခွန်းဒရီးယား",1
"တွင်","မိုဂါဒီရှု",1
"တွင်","မိုင်း",1
"တွင်","မိုင်စပေ့",1
"တွင်","မိုင်းတွင်း",1
"တွင်","မိုင်ပေါင်း",1
"တွင်","မိုင်ရာ",1
"တွင်","မိုင်းအပိုလီ",1
"တွင်","မိုဆန်နာဂို",1
"တွင်","မိုးရေ",1
"တွင်","မိုလိုလာဘာ",1
"တွင်","မိုလီနာ",1
"တွင်","မီချီဂမ်",1
"တွင်","မီးငြိမ်းရာ",1
"တွင်","မီဆာကို",1
"တွင်","မီးတောက်",1
"တွင်","မီးတောက်မီးလျှံ",1
"တွင်","မီးဖို",1
"တွင်","မီးဖိုချောင်",1
"တွင်","မီးရှူးမီးပန်း",1
"တွင်","မီလာ",1
"တွင်","မီလီစက္ကန့်",1
"တွင်","မီလီယံ",1
"တွင်","မုတ်သုံသစ်တော",1
"တွင်","မုသာစကား",1
"တွင်","မူတစ်စိတ်တစ်ပိုင်း",1
"တွင်","မူရှာရက်ဖ်",1
"တွင်","မူလတန်းကျောင်း",1
"တွင်","မူလအစကာလ",1
"တွင်","မေးချိန်",1
"တွင်","မေ့ခ်",1
"တွင်","မေ့ဆေး",1
"တွင်","မေးမြန်းခဲ့ချိန်",1
"တွင်","မေးမြန်းပွဲ",1
"တွင်","မေးဝေါ့ခ်ကီ",1
"တွင်","မောဂန်",1
"တွင်","မောရီတေးနီးယား",1
"တွင်","မော်ဒိုဗင်",1
"တွင်","မော်ရီ",1
"တွင်","မဲခွဲ",1
"တွင်","မဲစာရင်း",1
"တွင်","မဲဆွယ်ပွဲ",1
"တွင်","မဲဆဲန္ဒနယ်",1
"တွင်","မဲပုံး",1
"တွင်","မဲပေးစနစ်",1
"တွင်","မဲပေးပွဲ",1
"တွင်","မဲပေးရာ",1
"တွင်","ယခုချိန်",1
"တွင်","ယခုလက်ရှိအချိန်",1
"တွင်","ယခုအခါ",1
"တွင်","ယင်းပွဲ",1
"တွင်","ယနေ့ခတ်",1
"တွင်","ယနေ့ခေတ်",1
"တွင်","ယန္တရား",1
"တွင်","ယွန်",1
"တွင်","ယှဉ်ကြည့်ရာ",1
"တွင်","ယာဉ်စီးခ",1
"တွင်","ယာဉ်အသွားအလာ",1
"တွင်","ယာဘက်",1
"တွင်","ယာဥ်",1
"တွင်","ယုံကြည်ခဲ့ချိန်",1
"တွင်","ယူ.အက်စ်.စီ.",1
"တွင်","ယူကျူ့",1
"တွင်","ယူကရိန်း",1
"တွင်","ယူကာ",1
"တွင်","ယူနီယံ",1
"တွင်","ယူရို",1
"တွင်","ယူရိုပ်",1
"တွင်","ယူရေနီယံ",1
"တွင်","ယူအက်စ်အေ",1
"တွင်","ယူအန်",1
"တွင်","ယူအန်စီစီစီ",1
"တွင်","ယူအီးအက်ဖ်အေ",1
"တွင်","ယောကျာ်း",1
"တွင်","ယောက်ျားလေး",1
"တွင်","ယဲဒ်ဗာစ်ဟမ်",1
"တွင်","ရက်ဂလွန်",1
"တွင်","ရက်စွဲ",1
"တွင်","ရက်ပေါင်း",1
"တွင်","ရင်ဆိုင်နေချိန်",1
"တွင်","ရစ်ခ်ျမွန်",1
"တွင်","ရတနာ",1
"တွင်","ရထားလမ်း",1
"တွင်","ရထားလိုင်း",1
"တွင်","ရန်ကာဂွါ",1
"တွင်","ရန့်ဝခ်",1
"တွင်","ရန်သူ",1
"တွင်","ရပ်ခြား",1
"တွင်","ရပ်ဆဲလ်",1
"တွင်","ရပ်တည်ချက်",1
"တွင်","ရပ်နားထားချိန်",1
"တွင်","ရပ်ဝန်း",1
"တွင်","ရမ်ဘယ်",1
"တွင်","ရရှိချိန်",1
"တွင်","ရရှိနိုင်ချိန်",1
"တွင်","ရရှိနေချိန်",1
"တွင်","ရဝန်ဒါ",1
"တွင်","ရွက်တိုင်",1
"တွင်","ရွန်မ်နေ",1
"တွင်","ရွေးချယ်ပွဲ",1
"တွင်","ရွေးပိုင်ခွင့်",1
"တွင်","ရဟူး",1
"တွင်","ရှင်း",1
"တွင်","ရှင်းတမ်း",1
"တွင်","ရှင်းလင်းရာ",1
"တွင်","ရှန်ဇန်း",1
"တွင်","ရှယ်ယာရှင်",1
"တွင်","ရှရီနာ",1
"တွင်","ရှာနေချိန်",1
"တွင်","ရှားဘရွတ်ခ်",1
"တွင်","ရှိန်းဇာတ်ကား",1
"တွင်","ရှိုး",1
"တွင်","ရှီရာ",1
"တွင်","ရှေ့ဆက်ရာ",1
"တွင်","ရှေ့တန်း",1
"တွင်","ရှေးတရားရုံး",1
"တွင်","ရှေ့မှောက်",1
"တွင်","ရာဂျက်",1
"တွင်","ရာစုနှစ်",1
"တွင်","ရာဇဝင်",1
"တွင်","ရာဇဝတ်မှု",1
"တွင်","ရာဘင်",1
"တွင်","ရိတ်",1
"တွင်","ရိန့်",1
"တွင်","ရိုက်လှည့်",1
"တွင်","ရိုးစစ်သ်",1
"တွင်","ရို့စ်",1
"တွင်","ရိုတိုရောအာ",1
"တွင်","ရိုဗာ",1
"တွင်","ရီပတ်ဘလစ်",1
"တွင်","ရီဗော်လူးရှင်း",1
"တွင်","ရီယာဒ်",1
"တွင်","ရီယိုဒီဂျနေးရိုး",1
"တွင်","ရုံခန်း",1
"တွင်","ရုံးခွဲ",1
"တွင်","ရုံးတော်",1
"တွင်","ရုံးပိတ်ရက်",1
"တွင်","ရုပ်ထု",1
"တွင်","ရုပ်ရှင်ရိုက်ကူးရေး",1
"တွင်","ရုပ်ဝတ္ထု",1
"တွင်","ရုပ်သံ",1
"တွင်","ရုပ်သံပြစက်",1
"တွင်","ရုပ်အလောင်း",1
"တွင်","ရုံးမှတ်တမ်းစာ",1
"တွင်","ရေကန်",1
"တွင်","ရေကြောင်း",1
"တွင်","ရေနံတင်သင်္ဘော",1
"တွင်","ရေနံတူးစင်",1
"တွင်","ရေးဗားဆိုက်",1
"တွင်","ရေလှိုင်း",1
"တွင်","ရေအောက်",1
"တွင်","ရောက်ရှိခဲ့ချိန်",1
"တွင်","ရောက်ရှိလာချိန်",1
"တွင်","ရောဂါပိုး",1
"တွင်","ရောင်းခဲ့ချိန်",1
"တွင်","ရောင်းဝယ်ရေး",1
"တွင်","ရောနှော",1
"တွင်","ရဲတိုက်",1
"တွင်","လက်ကိုင်တုတ်",1
"တွင်","လက်ကိုင်ဖုန်း",1
"တွင်","လက်ချောင်း",1
"တွင်","လက်ခံရရှိခဲ့ချိန်",1
"တွင်","လက်စ်ဗီးဂတ်စ်",1
"တွင်","လက်တီကျု",1
"တွင်","လက်ထဲ",1
"တွင်","လက်နက်ကိုင်",1
"တွင်","လက်ဘနွန်",1
"တွင်","လက်ယာဘက်",1
"တွင်","လက်ရာ",1
"တွင်","လက်လနွန်",1
"တွင်","လက်ဝယ်",1
"တွင်","လက်ဝှေ့",1
"တွင်","လက်ဝှေ့ပွဲ",1
"တွင်","လက်အမ်ဘော့",1
"တွင်","လင့်ခ်",1
"တွင်","လစာ",1
"တွင်","လစ်ဗနွန်",1
"တွင်","လစ်ဗျား",1
"တွင်","လဆန်းပိုင်း",1
"တွင်","လန်ကန်စ်တာ",1
"တွင်","လပက်ဇ်",1
"တွင်","လမိုလီနာ့",1
"တွင်","လမ်းခုလပ်",1
"တွင်","လမ်းဆုံနေရာ",1
"တွင်","လမ်းဖြတ်ခုံး",1
"တွင်","လယ်",1
"တွင်","လယ်ပိုင်း",1
"တွင်","လျှောက်လမ်း",1
"တွင်","လျှောက်လဲချက်",1
"တွင်","လျော့ကျမူ",1
"တွင်","လျော့ချရေး",1
"တွင်","လွယ်အိတ်",1
"တွင်","လွှဲပြောင်းယူရေး",1
"တွင်","လှိုဏ်ခေါင်း",1
"တွင်","လှောင်အိမ်",1
"တွင်","လာဆာ",1
"တွင်","လာရာလမ်း",1
"တွင်","လားဝစ်ခ်",1
"တွင်","လိဒ်",1
"တွင်","လိုငွေ",1
"တွင်","လိုင်စင်",1
"တွင်","လိုင်ယွန်",1
"တွင်","လိုတို",1
"တွင်","လိုသီရန်",1
"တွင်","လီဘနွန်",1
"တွင်","လီမို",1
"တွင်","လီယွန်",1
"တွင်","လီအွန်",1
"တွင်","လုပ်ကွက်",1
"တွင်","လုပ်ငန်းကြီး",1
"တွင်","လုပ်ငန်းစု",1
"တွင်","လုပ်ဆောင်ရာ",1
"တွင်","လုပ်ဆောင်ရေး",1
"တွင်","လုပ်ထုံးလုပ်နည်း",1
"တွင်","လုပ်နည်း",1
"တွင်","လုပ်ဖော်ကိုင်ဖက်",1
"တွင်","လုပ်ရာ",1
"တွင်","လုပ်သက်",1
"တွင်","လူကြား",1
"တွင်","လူစီစီယာနာ",1
"တွင်","လူစီးတွဲရထား",1
"တွင်","လူဆာနီ",1
"တွင်","လူဇင်ဘတ်",1
"တွင်","လူတွေ့မေးမြန်းခန်း",1
"တွင်","လူထုစည်းဝေးပွဲ",1
"တွင်","လူပုံအလယ်",1
"တွင်","လူပေါင်း",1
"တွင်","လူများစု",1
"တွင်","လူမှုအသိုင်းအဝိုင်း",1
"တွင်","လူ့သမိုင်း",1
"တွင်","လူသေမှု",1
"တွင်","လေကြောင်းလိုင်း",1
"တွင်","လေဆင်နှာမောင်း",1
"တွင်","လေးပွဲ",1
"တွင်","လေးပိုင်း",1
"တွင်","လေပိုင်နက်",1
"တွင်","လေယာဥ်",1
"တွင်","လေယာဥ်ကွင်း",1
"တွင်","လေလံပွဲ",1
"တွင်","လေလှိုင်း",1
"တွင်","လေဟာနယ်",1
"တွင်","လောင်",1
"တွင်","လော့ဆဘ်ဟ",1
"တွင်","လော့ဆီမောက်",1
"တွင်","လောရီဒါ",1
"တွင်","လဲလှယ်ချိန်",1
"တွင်","လဲလှယ်ရာ",1
"တွင်","လဲလှယ်ရေး",1
"တွင်","ဝက်",1
"တွင်","ဝက်စ်မင်နီစတာ",1
"တွင်","ဝက်ဆိုက်ဒ်",1
"တွင်","ဝက်ဗ်ဆိုက်",1
"တွင်","ဝက်ဘ်",1
"တွင်","ဝက်ဘ်ဆိုက်ဒ်",1
"တွင်","ဝင်ရိုးစွန်း",1
"တွင်","ဝစ္စကွန်ဆင်",1
"တွင်","ဝစ်ကက်",1
"တွင်","ဝတ်ဆိုက်",1
"တွင်","ဝန်ကြီးအဖွဲ့",1
"တွင်","ဝန်ဗိုင်း",1
"တွင်","ဝပ်ဆိုက်ဒ်",1
"တွင်","ဝပ်ရှော့",1
"တွင်","ဝမ်း",1
"တွင်","ဝယ်လင်တန်",1
"တွင်","ဝယ်လိုအား",1
"တွင်","ဝရမ်း",1
"တွင်","ဝှိုက်ဟဲဗန်း",1
"တွင်","ဝါဂ",1
"တွင်","ဝါဇီလီစတန်",1
"တွင်","ဝါတလာ",1
"တွင်","ဝါတာလူး",1
"တွင်","ဝါဒီ",1
"တွင်","ဝိသေသလက္ခဏာ",1
"တွင်","ဝိုင်ဂျယ်",1
"တွင်","ဝိုင်းရား",1
"တွင်","ဝီကီပီဒီယား",1
"တွင်","ဝီကီပီဒီးယား",1
"တွင်","ဝီကီဗာစီတီ",1
"တွင်","ဝီကီလိစ်",1
"တွင်","ဝီလီ",1
"တွင်","ဝေစု",1
"တွင်","ဝေဇီရီတန်",1
"တွင်","ဝေဒနာသည်",1
"တွင်","ဝေဖန်ချက်",1
"တွင်","ဝေးမောက်",1
"တွင်","ဝေလငါး",1
"တွင်","ဝေါ့ခ်ရှပ်",1
"တွင်","သံ",1
"တွင်","သက်ဆင်",1
"တွင်","သက်ဆိုင်နေချိန်",1
"တွင်","သက်ဆိုင်ရာ",1
"တွင်","သက်တမ်း",1
"တွင်","သချိုင်း",1
"တွင်","သင်ခန်းစာ",1
"တွင်","သင်တန်းကျောင်း",1
"တွင်","သင်ရိုး",1
"တွင်","သင်္ချာပညာရပ်",1
"တွင်","သင်္ဘောကျင်း",1
"တွင်","သတင်းစကား",1
"တွင်","သတင်းထောက်",1
"တွင်","သတင်းမီဒီယာပိုင်း",1
"တွင်","သတင်းလွှာ",1
"တွင်","သံတမန်ရေးရာ",1
"တွင်","သတ္တဗေဒ",1
"တွင်","သန်းခေါင်စာရင်း",1
"တွင်","သန်းခေါင်ယံ",1
"တွင်","သပိတ်မှောက်",1
"တွင်","သပိတ်မှောက်ပွဲ",1
"တွင်","သဘောတရား",1
"တွင်","သဘောတူချက်",1
"တွင်","သဘောထား",1
"တွင်","သမဂ္ဂ",1
"တွင်","သံမဏိလုပ်ငန်း",1
"တွင်","သမုဒ္ဒရာ",1
"တွင်","သယ်ယူရာ",1
"တွင်","သရက်ရွက်",1
"တွင်","သံရုံး",1
"တွင်","သရုပ်ဖော်ပုံ",1
"တွင်","သွားနိုင်ချိန်",1
"တွင်","သွားရာ",1
"တွင်","သာလွန်း",1
"တွင်","သားအိမ်",1
"တွင်","သိနေချိန်",1
"တွင်","သိပ္ပံ",1
"တွင်","သိပ္ပံပညာရပ်",1
"တွင်","သိအောင်",1
"တွင်","သိုးထီး",1
"တွင်","သိုဝှက်ခြင်း",1
"တွင်","သီတင်း",1
"တွင်","သီရိုပန်တယ်",1
"တွင်","သီရေတာ",1
"တွင်","သုံသစ်တော",1
"တွင်","သုံးသပ်ရေး",1
"တွင်","သုဿာန်",1
"တွင်","သူတော်စင်",1
"တွင်","သူရဲကောင်း",1
"တွင်","သောက်ရေဘူး",1
"တွင်","သောတန်",1
"တွင်","သော်န်တွန်",1
"တွင်","သဲကန္တာရ",1
"တွင်","သဲလွန်စ",1
"တွင်","ဟက်ဂူ",1
"တွင်","ဟက်ဒီသာ",1
"တွင်","ဟတ်စ်ဆတ်",1
"တွင်","ဟတ်စ်မန်",1
"တွင်","ဟဒ်-အယ်",1
"တွင်","ဟန်ဒီသ",1
"တွင်","ဟယ်လီဖက်စ်",1
"တွင်","ဟရပ်",1
"တွင်","ဟရေရာ",1
"တွင်","ဟွန်ဒါ",1
"တွင်","ဟာ့တ်ဘာ့",1
"တွင်","ဟာဗစ်",1
"တွင်","ဟာမိုနီ",1
"တွင်","ဟာရီကိန်း",1
"တွင်","ဟိုက်ဒရို",1
"တွင်","ဟိုက်ဝင်း",1
"တွင်","ဟိုစီးယား",1
"တွင်","ဟိုမာ",1
"တွင်","ဟီဘရူး",1
"တွင်","ဟီလီမန်",1
"တွင်","ဟုမ်း",1
"တွင်","ဟူဆန်",1
"တွင်","ဟူမာ",1
"တွင်","ဟေးဆတ်",1
"တွင်","ဟေးဈေးကြီး",1
"တွင်","ဟေတီ",1
"တွင်","ဟေးဒေါ့",1
"တွင်","ဟောက်စ်",1
"တွင်","ဟော့စ်စပီးယား",1
"တွင်","ဟော့စ်တန်",1
"တွင်","ဟောပြာချက်",1
"တွင်","ဟောပြောပွဲ",1
"တွင်","ဟော့ပါ",1
"တွင်","ဟောလီဝုဒ်",1
"တွင်","ဟော်ကာ",1
"တွင်","ဟော်လိဝုဒ်",1
"တွင်","အကျည်းထောင်",1
"တွင်","အကျပ်အတည်း",1
"တွင်","အကျိတ်",1
"တွင်","အကြံပြုချက်",1
"တွင်","အကြိုက်",1
"တွင်","အကြိုရွေးကောက်ပွဲ",1
"တွင်","အကြီးအကဲ",1
"တွင်","အကြောင်းကြားစာ",1
"တွင်","အကာအကွယ်",1
"တွင်","အကာအရံ",1
"တွင်","အကာအရံပွဲ",1
"တွင်","အက်ကော့",1
"တွင်","အက်ဂ်ျမောင့်",1
"တွင်","အက်စီးဒင့်",1
"တွင်","အက်စ်ကတွန်",1
"တွင်","အက်စ်အယ်လ်အမ်",1
"တွင်","အက်ဆီးဒင့်",1
"တွင်","အက်ဒမ်",1
"တွင်","အက်ဒလိတ်",1
"တွင်","အက်ပဲ",1
"တွင်","အက်ဖ်ဒီအေ",1
"တွင်","အက်ဖ်အက်ဖ်အေ",1
"တွင်","အက်အိုင်စီ",1
"တွင်","အက်အိုအိုင်အေ",1
"တွင်","အခင်းနေရာ",1
"တွင်","အခန်းကဏ္ဍ",1
"တွင်","အချက်ပေးရာ",1
"တွင်","အချိန်ကောင်း",1
"တွင်","အချိန်ခါ",1
"တွင်","အချိန်မျိုး",1
"တွင်","အချုပ်",1
"တွင်","အချုပ်ခန်း",1
"တွင်","အချုပ်အနှောင်",1
"တွင်","အခြား",1
"တွင်","အခြားဖက်",1
"တွင်","အခြားဘက်",1
"တွင်","အခွင့်အလမ်း",1
"တွင်","အခွန်ငွေ",1
"တွင်","အခိုက်အတန့်",1
"တွင်","အခုအချိန်",1
"တွင်","အဂါင်္နေ့",1
"တွင်","အငူ",1
"တွင်","အင်ဆူလင်",1
"တွင်","အင်တယ်ရာ",1
"တွင်","အင်ဒရူး",1
"တွင်","အင်ဒိုးနီးရှား",1
"တွင်","အင်အား",1
"တွင်","အင်အိပ်ခ်အယ်",1
"တွင်","အင်္ကျီ",1
"တွင်","အင်္ဂလိပ်",1
"တွင်","အစဉ်အလာ",1
"တွင်","အစည်း",1
"တွင်","အစည်းအဝေးခန်း",1
"တွင်","အစထရို",1
"တွင်","အစမ်းပွဲ",1
"တွင်","အစွန်း",1
"တွင်","အစား",1
"တွင်","အစာငတ်ခံ",1
"တွင်","အစားအစာ",1
"တွင်","အစိုင်အခဲ",1
"တွင်","အစိုးရှေ့နေ",1
"တွင်","အစီအမံ",1
"တွင်","အစု",1
"တွင်","အစုအဖွဲ့",1
"တွင်","အစောင့်",1
"တွင်","အစ်ဝစ်",1
"တွင်","အဆ",1
"တွင်","အဆက်နေရာ",1
"တွင်","အဆက်အသွယ်",1
"တွင်","အဆင့်အတန်း",1
"တွင်","အဆုံးပိုင်းနား",1
"တွင်","အညွှန်း",1
"တွင်","အတက်အကျ",1
"တွင်","အတွင်းဘက်",1
"တွင်","အတွင်းရေးမှူး",1
"တွင်","အတွဲလိုက်",1
"တွင်","အတိ",1
"တွင်","အတိုင်း",1
"တွင်","အတိုင်ပင်ခံ",1
"တွင်","အတိုင်းအတာ",1
"တွင်","အတော်များ",1
"တွင်","အတော်များများ",1
"တွင်","အတ္တလန္တိတ်",1
"တွင်","အတ်တလန်တာ",1
"တွင်","အတ်လန်တာ",1
"တွင်","အထိန်း",1
"တွင်","အထိမ်းအမှတ်",1
"တွင်","အထုတ်",1
"တွင်","အထုတ်အပိုး",1
"တွင်","အထောက်အပံ့",1
"တွင်","အဓိပ္ပယ်",1
"တွင်","အဓိပ္ပာယ်",1
"တွင်","အဓိပ္ပါယ်",1
"တွင်","အနက်",1
"တွင်","အနက်ပိုင်း",1
"တွင်","အနှံအပြား",1
"တွင်","အနာဂါတ်",1
"တွင်","အနားယူချိန်",1
"တွင်","အနိမ့်အမြင့်",1
"တွင်","အနိုင်",1
"တွင်","အနီးတဝိုက်",1
"တွင်","အနောက်မြောက်ဖက်",1
"တွင်","အန်ဂိုလာ",1
"တွင်","အန်ဂိုးလား",1
"တွင်","အန်စီ",1
"တွင်","အန်တီဂွာ",1
"တွင်","အန်းဒရူး",1
"တွင်","အန်နာ",1
"တွင်","အန်န်ဂျီအို",1
"တွင်","အန်ဘဆန်တီးယား",1
"တွင်","အန်ဘီစီ",1
"တွင်","အန်အက်စ်ဒဗလျူ",1
"တွင်","အန်အက်စ်ဒဗလူ",1
"တွင်","အန်အက်ဒဗလျှူ",1
"တွင်","အန်အက်အေ",1
"တွင်","အန်အယ်လ်စီအက်စ်",1
"တွင်","အန်အေအန်",1
"တွင်","အပင်",1
"တွင်","အပစ်ခံရချိန်",1
"တွင်","အပတ်ရေ",1
"တွင်","အပျက်အစီး",1
"တွင်","အပြန်ခရီးစဉ်",1
"တွင်","အပြန်လမ်း",1
"တွင်","အပြန်လမ်းခရီး",1
"တွင်","အပြား",1
"တွင်","အပြေး",1
"တွင်","အပြေးပြိုင်ပွဲ",1
"တွင်","အပြောင်းအလဲ",1
"တွင်","အပိုင်းတွဲ",1
"တွင်","အပိုဒ်",1
"တွင်","အပိုလစ်",1
"တွင်","အပူရှိန်",1
"တွင်","အပေါက်",1
"တွင်","အပ်",1
"တွင်","အပ်ဖ်",1
"တွင်","အဖက်ဇယ်",1
"တွင်","အဖြစ်ဆိုး",1
"တွင်","အဖြစ်မှန်",1
"တွင်","အဖုံး",1
"တွင်","အဘာဒင်း",1
"တွင်","အဘိဓာန်",1
"တွင်","အမည်",1
"တွင်","အများဆုံး",1
"တွင်","အများရှေ့",1
"တွင်","အများသဘော",1
"တွင်","အမျိုးစုံ",1
"တွင်","အမြတ်ခွန်",1
"တွင်","အမြန်နှုန်း",1
"တွင်","အမြန်ပြေးလမ်း",1
"တွင်","အမြန်မောင်းလမ်းမ",1
"တွင်","အမြောက်အများ",1
"တွင်","အမွေအနှစ်",1
"တွင်","အမှုတွဲ",1
"တွင်","အမှုန်",1
"တွင်","အမှုအခင်း",1
"တွင်","အမူအရာ",1
"တွင်","အမေရိကတိုက်",1
"တွင်","အမဲလိုက်ကွင်း",1
"တွင်","အမ်စီကိန်း",1
"တွင်","အမ်းရတ်စ်",1
"တွင်","အမ်အက်စ်",1
"တွင်","အမ်အိတ်အိုင်",1
"တွင်","အယူခံ",1
"တွင်","အယူအဆ",1
"တွင်","အယ်",1
"တွင်","အယ်-အာဒ",1
"တွင်","အယ်ကာဇိုင်း",1
"တွင်","အယ်ဗိ",1
"တွင်","အယ်ဘက်ဒါ",1
"တွင်","အယ်လ်",1
"တွင်","အယ်လ်-အဆက်",1
"တွင်","အယ်လ်ဘမ်",1
"တွင်","အယ်လ်ဘာတာ",1
"တွင်","အယ်လ်အဗျူ့",1
"တွင်","အရည်အသွေး",1
"တွင်","အရနာ",1
"တွင်","အရပ်ဒေသ",1
"တွင်","အရွယ်အစား",1
"တွင်","အရှိန်",1
"တွင်","အရှေ့ဖက်",1
"တွင်","အရှေ့မြောက်",1
"တွင်","အရှေ့မြောက်ဘက်",1
"တွင်","အရာဝတ္တု",1
"တွင်","အရေအတွက်ပေါင်း",1
"တွင်","အရောက်",1
"တွင်","အရောင်းအဝယ်",1
"တွင်","အလင်းရောင်",1
"တွင်","အလည်အပတ်ခရီး",1
"တွင်","အလယ်ခေါင်",1
"တွင်","အလယ်ဗဟို",1
"တွင်","အလွှာ",1
"တွင်","အလာမို",1
"တွင်","အလုပ်ခွင်",1
"တွင်","အလုပ်ရှင်",1
"တွင်","အလေးချိန်",1
"တွင်","အလေ့အကျင့်",1
"တွင်","အဝင်",1
"တွင်","အဝင်ဝ",1
"တွင်","အဝတ်အစား",1
"တွင်","အဝေးပြေးလမ်းမ",1
"တွင်","အသနားခံစာ",1
"တွင်","အသွင်",1
"တွင်","အသိပေးစာ",1
"တွင်","အသီး",1
"တွင်","အသုံးပြုခွင့်",1
"တွင်","အသေးစား",1
"တွင်","အသေအပျောက်",1
"တွင်","အဟောင်း",1
"တွင်","အဦးအစ",1
"တွင်","အားကစားကွင်း",1
"တွင်","အားကစားကွင်းနေရာ",1
"တွင်","အားကစားခန်းမ",1
"တွင်","အာခမ်စာစ်",1
"တွင်","အာတိတ်",1
"တွင်","အာထရာဆောင်း",1
"တွင်","အာဒီအိတ်စ်",1
"တွင်","အာနိုး",1
"တွင်","အာဖဂန်နစ္စန်",1
"တွင်","အာဗီး",1
"တွင်","အာဘီလ်",1
"တွင်","အာဘော်",1
"တွင်","အာမခံကိစ္စ",1
"တွင်","အာရဒ်",1
"တွင်","အာရှတိုက်",1
"တွင်","အာရီဇိုးနား",1
"တွင်","အာရုဏ်",1
"တွင်","အာရုဏ်တက်",1
"တွင်","အာရုံတတ်ချိန်",1
"တွင်","အာရေးဘီးယား",1
"တွင်","အားလပ်ရက်",1
"တွင်","အာအက်ဖ်အေ",1
"တွင်","အိစ်",1
"တွင်","အိတ်ကပ်",1
"တွင်","အိတ်စ်ရေး",1
"တွင်","အိပ်ခ်ျဝမ်းအဲန်ဝမ်း",1
"တွင်","အိပ်ဆောင်",1
"တွင်","အိမ်ကွင်း",1
"တွင်","အိမ်နောက်ဖေး",1
"တွင်","အိမ်ယာ",1
"တွင်","အိမ်သာ",1
"တွင်","အိုင်",1
"တွင်","အိုင်စီယူ",1
"တွင်","အိုင်စီအေအန်အန်",1
"တွင်","အိုင်ဒီစီအက်ဖ်",1
"တွင်","အိုင်ဒီအန်အာ",1
"တွင်","အိုင်ရီဒီယမ်",1
"တွင်","အိုင်အက်စ်အက်စ်",1
"တွင်","အိုင်အက်အီ",1
"တွင်","အိုင်အန်စီ",1
"တွင်","အိုင်အမ်ဒီ",1
"တွင်","အိုင်အာစီ",1
"တွင်","အိုင်အီး",1
"တွင်","အိုင်အီးစီ",1
"တွင်","အိုစလို",1
"တွင်","အိုစီရှပ်",1
"တွင်","အိုတာဝါ",1
"တွင်","အိုတိုဘရော့ခ်",1
"တွင်","အိုဒီအိုင်အက်စ်",1
"တွင်","အိုလံပစ်",1
"တွင်","အိုလံပစ်ပွဲ",1
"တွင်","အီးဂဲလ်",1
"တွင်","အီစပါရာ",1
"တွင်","အီးစီ",1
"တွင်","အီဆမ်း",1
"တွင်","အီးဒီတီ",1
"တွင်","အီးယူ",1
"တွင်","အီလီနွိုက်",1
"တွင်","အီသီယိုးပီးရား",1
"တွင်","အီးအက်စ်တီ",1
"တွင်","အီးအီးအေ",1
"တွင်","အုတ်ကလာဟိုးမား",1
"တွင်","အုပ်ချုပ်မှုစနစ်",1
"တွင်","အုပ်ချုပ်ရေးမှူး",1
"တွင်","အေ-အဆင့်",1
"တွင်","အေကေဒီတီ",1
"တွင်","အေဆာအမ်ကီ",1
"တွင်","အေတီအမ်စက်",1
"တွင်","အေပက်",1
"တွင်","အေဗစ်",1
"တွင်","အေဗွီအိုင်",1
"တွင်","အေမန်",1
"တွင်","အေးရှား",1
"တွင်","အေးလ်",1
"တွင်","အေသင်",1
"တွင်","အေအိုင်-ကွီဒါ",1
"တွင်","အေအိုင်အိုင်အမ်အက်စ်",1
"တွင်","အေအီးအက်စ်တီ",1
"တွင်","အောက်ဆုံး",1
"တွင်","အောက်တရားရုံး",1
"တွင်","အောက်ပိုင်း",1
"တွင်","အော့ချမ်းဂျစ်",1
"တွင်","အော့ခ်လန်း",1
"တွင်","အောင်ပွဲ",1
"တွင်","အော့တဝါ",1
"တွင်","အော့ပ်ရှင်",1
"တွင်","အော်လန်",1
"တွင်","အဲဒီ့နေရာ",1
"တွင်","အဲရှိုး",1
"တွင်","အဲလ-ရှက်ခ်",1
"တွင်","ဥပဒ",1
"တွင်","ဥပမာ",1
"တွင်","ဦးခန်း",1
"တွင်","ဦးခေါင်း",1
"တွင်","ဦးခေါင်းပိုင်း",1
"တွင်","ဧည့်-ရိပ်သာ",1
"တွင်","ဧည့်ခန်း",1
"တွင်","ဩဂတ်စတင်း",1
"မှာ","နေရာ",138
"မှာ","နေ့",87
"မှာ","အတွင်း",71
"မှာ","အပေါ်",66
"မှာ","အချိန်",63
"မှာ","အောက်",62
"မှာ","သူ",57
"မှာ","ပွဲ",49
"မှာ","လ",45
"မှာ","ခုနှစ်",41
"မှာ","နိုင်ငံ",40
"မှာ","နှစ်",39
"မှာ","ပြိုင်ပွဲ",32
"မှာ","မြို့",27
"မှာ","မိနစ်",24
"မှာ","အခြေအနေ",24
"မှာ","နာရီ",23
"မှာ","နောက်ဆုံး",23
"မှာ","သတင်း",23
"မှာ","နောက်ပိုင်း",22
"မှာ","အရာ",22
"မှာ","အရေအတွက်",21
"မှာ","ကိစ္စ",19
"မှာ","ကြား",18
"မှာ","နောက်",18
"မှာ","ရက်",17
"မှာ","အဆင့်",17
"မှာ","အလုပ်",17
"မှာ","ပြည်နယ်",16
"မှာ","ရွေးကောက်ပွဲ",16
"မှာ","ဒေသ",15
"မှာ","ရာသီ",15
"မှာ","အဆုံး",15
"မှာ","အိမ်",15
"မှာ","အီရတ်",15
"မှာ","ကမ္ဘာ",14
"မှာ","ကာလ",14
"မှာ","အစီအစဉ်",14
"မှာ","အသင်း",14
"မှာ","လူ",13
"မှာ","စာ",12
"မှာ","ဆေးရုံ",12
"မှာ","ညီလာခံ",12
"မှာ","လွှတ်တော်",12
"မှာ","အပြင်ဘက်",12
"မှာ","တရားရုံး",11
"မှာ","နှုန်း",11
"မှာ","သမိုင်း",11
"မှာ","အပိုင်း",11
"မှာ","အဖြစ်",11
"မှာ","အဖွဲ့",11
"မှာ","ကနေဒါ",10
"မှာ","ကျောင်း",10
"မှာ","ဆိုင်ရာ",10
"မှာ","ဒဏ်ရာ",10
"မှာ","ပွဲစဉ်",10
"မှာ","ယနေ့",10
"မှာ","ရလဒ်",10
"မှာ","ဝန်းကျင်",10
"မှာ","အစ",10
"မှာ","အစိုးရ",10
"မှာ","အစောပိုင်း",10
"မှာ","အထဲ",10
"မှာ","အနည်းငယ်",10
"မှာ","အသစ်",10
"မှာ","စခန်း",9
"မှာ","စာရင်း",9
"မှာ","ထိပ်ဆုံး",9
"မှာ","နယူးဇီလန်",9
"မှာ","ရာခိုင်နှုန်း",9
"မှာ","လုပ်ငန်း",9
"မှာ","သတင်းစာ",9
"မှာ","အကြောင်း",9
"မှာ","အရာရှိ",9
"မှာ","စနစ်",8
"မှာ","ည",8
"မှာ","ထောင်",8
"မှာ","ဒီဇင်ဘာ",8
"မှာ","နယ်မြေ",8
"မှာ","ဖြစ်ရပ်",8
"မှာ","မနက်",8
"မှာ","ရှေ့",8
"မှာ","လန်ဒန်",8
"မှာ","သန်း",8
"မှာ","အကြောင်းအရာ",8
"မှာ","အဆို",8
"မှာ","အပတ်",8
"မှာ","ကွင်း",7
"မှာ","စကာ",7
"မှာ","စုစုပေါင်း",7
"မှာ","ဈေးကွက်",7
"မှာ","ညနေ",7
"မှာ","တစ်ဝက်",7
"မှာ","ပြည်ထောင်စု",7
"မှာ","ပါတီ",7
"မှာ","ဘဝ",7
"မှာ","မြေပြင်",7
"မှာ","မီဒီယာ",7
"မှာ","လူမျိုး",7
"မှာ","လူဦးရေ",7
"မှာ","အစည်းအဝေး",7
"မှာ","အနာဂတ်",7
"မှာ","အနီး",7
"မှာ","အန္တရာယ်",7
"မှာ","ဥပဒေ",7
"မှာ","ဦးရေ",7
"မှာ","ကျေးဇူး",6
"မှာ","ဂျာနယ်",6
"မှာ","ဌာန",6
"မှာ","ပန်းခြံ",6
"မှာ","ပြဿနာ",6
"မှာ","ပုံ",6
"မှာ","ဗီဒီယို",6
"မှာ","ဗုံး",6
"မှာ","ဘဂ္ဂဒက်",6
"မှာ","ဘူတာရုံ",6
"မှာ","မျိုး",6
"မှာ","မြို့တော်",6
"မှာ","မေးခွန်း",6
"မှာ","ယူကေ",6
"မှာ","ရုံ",6
"မှာ","ရုံး",6
"မှာ","လမ်းကြောင်း",6
"မှာ","အကြာ",6
"မှာ","အချက်",6
"မှာ","အတောအတွင်း",6
"မှာ","အပြီး",6
"မှာ","အဖွဲ့အစည်း",6
"မှာ","အမျိုးသမီး",6
"မှာ","ကဏ္ဍ",5
"မှာ","ကား",5
"မှာ","ကုမ္ပဏီ",5
"မှာ","ခရိုင်",5
"မှာ","ခရီးသည်",5
"မှာ","စစ်ပွဲ",5
"မှာ","စျေးနှုန်း",5
"မှာ","တစ်လျှောက်",5
"မှာ","တောင်",5
"မှာ","ပစ္စည်း",5
"မှာ","မှတ်တမ်း",5
"မှာ","ယာဉ်",5
"မှာ","ယူတီစီ",5
"မှာ","ရက်သတ္တပတ်",5
"မှာ","လုပ်ငန်းစဉ်",5
"မှာ","လေဆိပ်",5
"မှာ","ဝန်ထမ်း",5
"မှာ","သက်သေ",5
"မှာ","အကြား",5
"မှာ","အကြောင်းရင်း",5
"မှာ","အခမ်းအနား",5
"မှာ","အနီးအနား",5
"မှာ","ဥယျာဉ်",5
"မှာ","ကစားကွင်း",4
"မှာ","ကမ်းခြေ",4
"မှာ","စက်ရုံ",4
"မှာ","စရိတ်",4
"မှာ","စွဲချက်",4
"မှာ","တက္ကသိုလ်",4
"မှာ","တစ်ချိန်",4
"မှာ","တန်ဖိုး",4
"မှာ","တပ်ဖွဲ့",4
"မှာ","တရား",4
"မှာ","တွင်း",4
"မှာ","တိပ်ခွေ",4
"မှာ","တောင်ပိုင်း",4
"မှာ","နံနက်",4
"မှာ","နေရာတိုင်း",4
"မှာ","ပတ်ဝန်းကျင်",4
"မှာ","ပထမပိုင်း",4
"မှာ","ပြပွဲ",4
"မှာ","ဖြစ်စဉ်",4
"မှာ","ဘုရားကျောင်း",4
"မှာ","ဘေး",4
"မှာ","မနေ့",4
"မှာ","မိန်းကလေး",4
"မှာ","မိန့်ခွန်း",4
"မှာ","မီး",4
"မှာ","ရပ်ကွက်",4
"မှာ","ရာသီဥတု",4
"မှာ","ရေ",4
"မှာ","ရဲ",4
"မှာ","လမ်း",4
"မှာ","လမ်းဆုံ",4
"မှာ","လူပေါင်း",4
"မှာ","ဝက်ဆိုက်",4
"မှာ","သက်တမ်း",4
"မှာ","သင်္ဘော",4
"မှာ","သေနတ်",4
"မှာ","အကြိမ်",4
"မှာ","အကွာအဝေး",4
"မှာ","အခု",4
"မှာ","အင်တာဗျူး",4
"မှာ","အစပိုင်း",4
"မှာ","အနေအထား",4
"မှာ","အပြင်",4
"မှာ","အဖြစ်အပျက်",4
"မှာ","အမျိုးသား",4
"မှာ","အမှတ်",4
"မှာ","အမေရိက",4
"မှာ","အမေရိကန်",4
"မှာ","အာဏာပိုင်",4
"မှာ","အာရှ",4
"မှာ","အိုင်ယာလန်",4
"မှာ","အိုဘားမား",4
"မှာ","ဧရိယာ",4
"မှာ","ကျွန်း",3
"မှာ","ကျောင်းသား",3
"မှာ","ကလပ်",3
"မှာ","ကလေး",3
"မှာ","ကွန်ယက်",3
"မှာ","ခန်း",3
"မှာ","ခရီးစဉ်",3
"မှာ","ခြံ",3
"မှာ","ခုနစ်",3
"မှာ","ခေါင်း",3
"မှာ","ဂိတ်",3
"မှာ","ငွေ",3
"မှာ","စကား",3
"မှာ","စကော့တလန်",3
"မှာ","စားပွဲ",3
"မှာ","စာရင်းဝင်",3
"မှာ","စီးပွားရေး",3
"မှာ","ဆန္ဒ",3
"မှာ","ဆိုင်",3
"မှာ","တစ်ဝန်း",3
"မှာ","တစ်ဝှမ်း",3
"မှာ","တွေ့ဆုံပွဲ",3
"မှာ","တာဝန်",3
"မှာ","တိုက်ပွဲ",3
"မှာ","တိုင်းပြည်",3
"မှာ","ဒေါ်လာ",3
"မှာ","နည်းပညာ",3
"မှာ","နည်းလမ်း",3
"မှာ","နယူးယောက်",3
"မှာ","နယ်ပယ်",3
"မှာ","နား",3
"မှာ","နာရီဝက်",3
"မှာ","နောက်ကွယ်",3
"မှာ","ပင်လယ်ပြင်",3
"မှာ","ပညာရှင်",3
"မှာ","ပမာဏ",3
"မှာ","ပြင်သစ်",3
"မှာ","ပုံစံ",3
"မှာ","ဘက်",3
"မှာ","ဘဏ်",3
"မှာ","ဘီဘီစီ",3
"မှာ","မျက်နှာပြင်",3
"မှာ","မြောက်ပိုင်း",3
"မှာ","မှတ်",3
"မှာ","မုဒိမ်း",3
"မှာ","မူကြမ်း",3
"မှာ","ယခု",3
"မှာ","ရာစုနှစ်",3
"မှာ","ရုပ်ရှင်",3
"မှာ","ရေဒီယို",3
"မှာ","လက်နက်",3
"မှာ","လက်မောင်း",3
"မှာ","လေယာဉ်",3
"မှာ","လောက",3
"မှာ","ဝန်ကြီး",3
"မှာ","ဝန်ကြီးချုပ်",3
"မှာ","ဝီကီပီးဒီးယား",3
"မှာ","သီတင်းပတ်",3
"မှာ","အကျိုး",3
"မှာ","အကျော့",3
"မှာ","အကြွင်းအကျန်",3
"မှာ","အခန်း",3
"မှာ","အချက်အလက်",3
"မှာ","အင်ဒိုနီးရှား",3
"မှာ","အစ္စရေး",3
"မှာ","အဆောက်အဦး",3
"မှာ","အတန်း",3
"မှာ","အဓိက",3
"မှာ","အဖွဲ့ဝင်",3
"မှာ","အများအပြား",3
"မှာ","အမြင်",3
"မှာ","အမှု",3
"မှာ","အရပ်",3
"မှာ","အရှေ့",3
"မှာ","အလှည့်",3
"မှာ","အားကစား",3
"မှာ","အာဖဂန်နစ္စတန်",3
"မှာ","အာဖဂန်နစ်စတန်",3
"မှာ","အာဖရိက",3
"မှာ","အိမ်ဖြူတော်",3
"မှာ","အောက်တိုဘာ",3
"မှာ","အဲဒီနေရာ",3
"မှာ","ဥရောပ",3
"မှာ","၎င်းနေရာ",2
"မှာ","ကင်းဒမ်း",2
"မှာ","ကမ္ဘာကြီး",2
"မှာ","ကမ္ဘာလုံး",2
"မှာ","ကယ်လီဖိုးနီးယား",2
"မှာ","ကြေးနန်း",2
"မှာ","ကြော်ငြာ",2
"မှာ","ကွန်ကရစ်",2
"မှာ","ကွန်ပျူတာ",2
"မှာ","ကိုမာ",2
"မှာ","ကိုရီးယား",2
"မှာ","ကီလိုမီတာ",2
"မှာ","ကုလားထိုင်",2
"မှာ","ကောင်စီဝင်လောင်း",2
"မှာ","ကောလိပ်",2
"မှာ","ကော်နက်တီကတ်",2
"မှာ","ကော်လံ",2
"မှာ","ခန္ဓာကိုယ်",2
"မှာ","ခန့်မှန်းချက်",2
"မှာ","ချီကာဂို",2
"မှာ","ခရုစ်",2
"မှာ","ခြေထောက်",2
"မှာ","ခွင့်",2
"မှာ","ခေါင်းဆောင်",2
"မှာ","ဂျီအမ်တီ",2
"မှာ","ဂျော်ဂျီယာ",2
"မှာ","ဂါဇာ",2
"မှာ","ငွေကြေး",2
"မှာ","စက္ကန့်",2
"မှာ","စင်တာ",2
"မှာ","စစ်",2
"မှာ","စစ်တပ်",2
"မှာ","စစ်သား",2
"မှာ","စမစ်",2
"မှာ","စျေးကွက်",2
"မှာ","စာချုပ်",2
"မှာ","စာတမ်း",2
"မှာ","စာမျက်နှာ",2
"မှာ","စိတ်",2
"မှာ","စီ",2
"မှာ","စီမံကိန်း",2
"မှာ","စု",2
"မှာ","ဆက်သွယ်ရေး",2
"မှာ","ဆန်ဖရန်စစ္စကို",2
"မှာ","ဆဘတ်",2
"မှာ","ဆောင်းပါး",2
"မှာ","ဇနီး",2
"မှာ","ဈေးနှုန်း",2
"မှာ","ဌာနချုပ်",2
"မှာ","တစ်ဆိုင်",2
"မှာ","တစ်ဝိုက်",2
"မှာ","တရားသူကြီး",2
"မှာ","တိုက်စစ်",2
"မှာ","တိုင်းမ်",2
"မှာ","တီဗွီ",2
"မှာ","တော",2
"မှာ","တောင်ဘက်",2
"မှာ","ထိုင်ဝမ်",2
"မှာ","ဒဗလျူအမ်အေကျူ",2
"မှာ","ဒိုင်အောက်ဆိုဒ်",2
"မှာ","ဒီစီ",2
"မှာ","ဒုက္ခသည်",2
"မှာ","ဓာတ်ငွေ့",2
"မှာ","နမူနာ",2
"မှာ","နှောင်းပိုင်း",2
"မှာ","နေ့ရက်",2
"မှာ","နောက်ဆက်တွဲ",2
"မှာ","ပင်လယ်",2
"မှာ","ပစ်မှတ်",2
"မှာ","ပညာရေး",2
"မှာ","ပဋိပက္ခ",2
"မှာ","ပရိုဂရမ်",2
"မှာ","ပြခန်း",2
"မှာ","ပြည်ပ",2
"မှာ","ပွဲတော်",2
"မှာ","ပွဲဦးထွက်",2
"မှာ","ပါကစ္စတန်",2
"မှာ","ပါလီမန်",2
"မှာ","ပိတ်ဆို့",2
"မှာ","ပေါ်",2
"မှာ","ဖြစ်ပွားချိန်",2
"မှာ","ဖွဲ့စည်းပုံ",2
"မှာ","ဖောက်သည်",2
"မှာ","ဗျူရို",2
"မှာ","ဗွီဒီယို",2
"မှာ","ဘက်စကက်ဘော",2
"မှာ","ဘလော့ဂ်",2
"မှာ","ဘလောင်းတ်",2
"မှာ","ဘာကာ",2
"မှာ","ဘာရီ",2
"မှာ","ဘီလျံနာ",2
"မှာ","ဘီလ်",2
"မှာ","မဂ္ဂဇင်း",2
"မှာ","မြောက်ဘက်",2
"မှာ","မာတာတာ",2
"မှာ","မာရသွန်",2
"မှာ","မိန်းမ",2
"မှာ","မိုင်",2
"မှာ","မိုင်းတွင်း",2
"မှာ","မူလ",2
"မှာ","မေးမြန်းချိန်",2
"မှာ","မဲဆန္ဒနယ်မြေ",2
"မှာ","မဲရုံ",2
"မှာ","ယာဉ်တန်း",2
"မှာ","ယာဉ်မောင်း",2
"မှာ","ရင်ပြင်",2
"မှာ","ရန်ပွဲ",2
"မှာ","ရာဇဝတ်မှု",2
"မှာ","ရုံးခန်း",2
"မှာ","ရုပ်မြင်သံကြား",2
"မှာ","ရုရှား",2
"မှာ","ရေနံ",2
"မှာ","လက္ခဏာ",2
"မှာ","လက်",2
"မှာ","လက်ဆာ",2
"မှာ","လစာ",2
"မှာ","လည်ပင်း",2
"မှာ","လမ်းမ",2
"မှာ","လိပ်စာ",2
"မှာ","လိုင်း",2
"မှာ","လုံး",2
"မှာ","လုပ်ထုံးလုပ်နည်း",2
"မှာ","လူနာ",2
"မှာ","ဝက်ဘ်ဆိုက်",2
"မှာ","ဝှိုက်",2
"မှာ","ဝီကီနယူးစ်",2
"မှာ","ဝေဖန်ချက်",2
"မှာ","သင်္ချိုင်းဂူ",2
"မှာ","သတင်းပေးပို့ချက်",2
"မှာ","သတ္တုတွင်း",2
"မှာ","သဘောတရား",2
"မှာ","သြစတြေးလျ",2
"မှာ","သိန်း",2
"မှာ","သီရိလင်္ကာ",2
"မှာ","သုတေသန",2
"မှာ","ဟက်ဂစ်",2
"မှာ","ဟိသဂိုး",2
"မှာ","ဟိုတယ်",2
"မှာ","အကျဥ်းထောင်",2
"မှာ","အကျိုးဆက်",2
"မှာ","အကြံ",2
"မှာ","အကြောင်းကြားစာ",2
"မှာ","အကူအညီ",2
"မှာ","အခင်း",2
"မှာ","အချီ",2
"မှာ","အခွင့်အလမ်း",2
"မှာ","အစု",2
"မှာ","အစ္စတန်ဘူ",2
"မှာ","အဆင့်အတန်း",2
"မှာ","အဆောက်အအုံ",2
"မှာ","အထောက်အထား",2
"မှာ","အနား",2
"မှာ","အန်ဗာရွန်းစ်",2
"မှာ","အပိုင်းအခြား",2
"မှာ","အဖော်",2
"မှာ","အမြတ်အစွန်း",2
"မှာ","အမှန်",2
"မှာ","အမိန့်",2
"မှာ","အမေ",2
"မှာ","အရွယ်",2
"မှာ","အလယ်",2
"မှာ","အလို",2
"မှာ","အဝေး",2
"မှာ","အသံ",2
"မှာ","အသက်",2
"မှာ","အသက်အရွယ်",2
"မှာ","အသင်းတော်",2
"မှာ","အသုံးစရိတ်",2
"မှာ","အာဂျင်တီးနား",2
"မှာ","အာဏာ",2
"မှာ","အိမ်တော်",2
"မှာ","အီဆာဝီ",2
"မှာ","အီးမေးလ်",2
"မှာ","အီရန်",2
"မှာ","အုပ်စု",2
"မှာ","အေအမ်",2
"မှာ","အေအိုင်အက်ဖ်",2
"မှာ","အဲနေရာ",2
"မှာ","ဥမင်",2
"မှာ","ဧပြီ",2
"မှာ","ဩစတြေးလျ",2
"မှာ","・",1
"မှာ","CAW",1
"မှာ","cbs2chicago.com",1
"မှာ","TMZ.com",1
"မှာ","ကက်စီးနီး",1
"မှာ","ကက်ထရီနာ",1
"မှာ","ကင်းစဝေး",1
"မှာ","ကစားပွဲ",1
"မှာ","ကစ်ပက်ထရစ်",1
"မှာ","ကတိကဝတ်",1
"မှာ","ကတ်စီနီ",1
"မှာ","ကဒ်ပြား",1
"မှာ","ကန်ဒါဟာ",1
"မှာ","ကဘူး",1
"မှာ","ကဘူးလ်",1
"မှာ","ကမ္ဘာလေး",1
"မှာ","ကမ့်ဘဲလ်",1
"မှာ","ကျခါနီး",1
"မှာ","ကျန်ဒေသ",1
"မှာ","ကျန်းမာရေးအခြေအနေ",1
"မှာ","ကျွန်းစု",1
"မှာ","ကျွန်းဆွယ်",1
"မှာ","ကျွမ်းဘား",1
"မှာ","ကျိုတို",1
"မှာ","ကျူးဘား",1
"မှာ","ကြင်နာသနားစိတ်",1
"မှာ","ကြည့်ရှုခွင့်",1
"မှာ","ကြမ်းပြင်",1
"မှာ","ကြိုးစားပြသတော့",1
"မှာ","ကလက်စစ်",1
"မှာ","ကလင်တန်",1
"မှာ","ကလေးပေါင်း",1
"မှာ","ကွင်းပြင်",1
"မှာ","ကွန်းပတ်",1
"မှာ","ကွန်ဖရင့်",1
"မှာ","ကွန်ရက်",1
"မှာ","ကွန်လွေး",1
"မှာ","ကွိပ်လမ်",1
"မှာ","ကွီလီရယ်လ်",1
"မှာ","ကာကွယ်ဆေး",1
"မှာ","ကာတန်",1
"မှာ","ကားဒစ်",1
"မှာ","ကာဒစ်ဖ်",1
"မှာ","ကိစ္စရပ်",1
"မှာ","ကိရိယာ",1
"မှာ","ကိုယ်စားလှယ်",1
"မှာ","ကိုယ်စားလှယ်လောင်း",1
"မှာ","ကိုယ်ပိုင်",1
"မှာ","ကိုယ်ဝန်ဆောင်ချိန်",1
"မှာ","ကိုလံဘီယာ",1
"မှာ","ကိုလျု",1
"မှာ","ကိုလီဆန်",1
"မှာ","ကီး",1
"မှာ","ကီဘူး",1
"မှာ","ကီလိုဂရမ်",1
"မှာ","ကုန်",1
"မှာ","ကုန်ကျငွေ",1
"မှာ","ကုန်းမြင့်",1
"မှာ","ကုန်းမြေ",1
"မှာ","ကုန်လှောင်ရုံ",1
"မှာ","ကုလသမဂ္ဂ",1
"မှာ","ကူးစက်တာ",1
"မှာ","ကူးသန်းရောင်းဝယ်ရေး",1
"မှာ","ကေကာ်နက်တီကတ်",1
"မှာ","ကေဘယ်ကြိုး",1
"မှာ","ကေအက်စ်အေအိပ်စ်",1
"မှာ","ကောင်းကင်",1
"မှာ","ကောင်းကင်ကြီး",1
"မှာ","ကောင်စီ",1
"မှာ","ကောင်ရေ",1
"မှာ","ကောင်လေး",1
"မှာ","ကောလာဟလ",1
"မှာ","ကော်ကာ",1
"မှာ","ကော်နယ်",1
"မှာ","ကော်ပိုရေးရှင်း",1
"မှာ","ကော်လ်လိုင်ရီ",1
"မှာ","ခင်ပွန်း",1
"မှာ","ခဏအတွင်း",1
"မှာ","ခံနိုင်ရည်",1
"မှာ","ချစ်ကြည်ရေးပွဲ",1
"မှာ","ချဒ်",1
"မှာ","ချန်ပီယံရှစ်",1
"မှာ","ချန်ဘရီနာ",1
"မှာ","ချီဂမ်ဘူရာ",1
"မှာ","ချီတက်ဆန္ဒပြပွဲ",1
"မှာ","ချဲလ်ဆီး",1
"မှာ","ခရာဖို့ဒ်",1
"မှာ","ခရီး",1
"မှာ","ခရီးပန်းတိုင်",1
"မှာ","ခြံစည်းရိုး",1
"မှာ","ခြံဝင်း",1
"မှာ","ခြေလှမ်း",1
"မှာ","ခွဲ",1
"မှာ","ခုချိန်",1
"မှာ","ခုံရုံး",1
"မှာ","ခုံသမာတိအဖွဲ့",1
"မှာ","ခေါင်းမိုး",1
"မှာ","ဂဏန်း",1
"မှာ","ဂဒ်ဖ်",1
"မှာ","ဂျက်စ်",1
"မှာ","ဂျက်ဆင်",1
"မှာ","ဂျဇီရာ",1
"မှာ","ဂျာနယ်လစ်",1
"မှာ","ဂျာမနီ",1
"မှာ","ဂျီဘောက်တီ",1
"မှာ","ဂျေပီအယ်လ်",1
"မှာ","ဂရင်းဘတ်သ်",1
"မှာ","ဂရမ့်",1
"မှာ","ဂရိန်း",1
"မှာ","ဂြိုဟ်တု",1
"မှာ","ဂလမ်း",1
"မှာ","ဂလိုဘယ်လိုက်ဖ်",1
"မှာ","ဂိတ်ဝ",1
"မှာ","ဂိမ်း",1
"မှာ","ဂိုး",1
"မှာ","ဂိုဒေါင်",1
"မှာ","ဂိုးနယ်နမိတ်",1
"မှာ","ဂိုရ",1
"မှာ","ဂီနီ",1
"မှာ","ဂုရု",1
"မှာ","ဂူ",1
"မှာ","ဂူးဂဲလ်",1
"မှာ","ဂေဟာ",1
"မှာ","ဂေါ့",1
"မှာ","ဂေါက်",1
"မှာ","ဂေါ်ဒါ",1
"မှာ","ဃ",1
"မှာ","ငလျင်",1
"မှာ","စ",1
"မှာ","စကြာဝဠာ",1
"မှာ","စက်ဘီး",1
"မှာ","စင်တီဂရိတ်",1
"မှာ","စင်တီမီတာ",1
"မှာ","စင်္ကာပူ",1
"မှာ","စစ်စခန်း",1
"မှာ","စစ်တမ်း",1
"မှာ","စစ်တိုးလိ",1
"မှာ","စစ်နည်းဗျူဟာ",1
"မှာ","စစ်မြေပြင်",1
"မှာ","စစ်သားပေါင်း",1
"မှာ","စည်းချက်",1
"မှာ","စည်းမျဉ်း",1
"မှာ","စည်းဝိုင်း",1
"မှာ","စတင်ချိန်",1
"မှာ","စတန်နီ",1
"မှာ","စတန်းဖို့စ်",1
"မှာ","စတာလင်ပေါင်",1
"မှာ","စတုတ္ထ",1
"မှာ","စတုတ္ထပွဲ",1
"မှာ","စတူဒီယို",1
"မှာ","စတူဒီယိုကြီး",1
"မှာ","စတဲ",1
"မှာ","စံနမူနာ",1
"မှာ","စန်နာ",1
"မှာ","စပိန်",1
"မှာ","စမ်းသပ်ခန်း",1
"မှာ","စွမ်းရည်",1
"မှာ","စွမ်းအား",1
"မှာ","စွယ်စုံကျမ်း",1
"မှာ","စာတမ်းငယ်",1
"မှာ","စာတိုက်",1
"မှာ","စာနယ်ဇင်း",1
"မှာ","စာရွက်စာတမ်း",1
"မှာ","စာအုပ်",1
"မှာ","စိတ်ထား",1
"မှာ","စိတ်ဖိအား",1
"မှာ","စိတ်ဝိညာဥ်",1
"မှာ","စိန့်ကတ်သရင်း",1
"မှာ","စိုက်ပျိုးရေး",1
"မှာ","စိုးမိုးရေး",1
"မှာ","စီဒီတီ",1
"မှာ","စီနိတ်",1
"မှာ","စီရင်စု",1
"မှာ","စီးရီး",1
"မှာ","စုဝေးပွဲ",1
"မှာ","စူမတြား",1
"မှာ","ဆက်ဆံရေး",1
"မှာ","ဆင်ဆာ",1
"မှာ","ဆစ်",1
"မှာ","ဆစ်ဒနီ",1
"မှာ","ဆန္ဒနယ်",1
"မှာ","ဆန္ဒရှင်",1
"မှာ","ဆန့်ကျင်ရေး",1
"မှာ","ဆယ်ကျော်သက်",1
"မှာ","ဆယ်စုနှစ်",1
"မှာ","ဆရာဝန်",1
"မှာ","ဆွန်း",1
"မှာ","ဆွန်ချီ",1
"မှာ","ဆိပ်ကမ်း",1
"မှာ","ဆိုင်းဘုတ်",1
"မှာ","ဆိုင်မွန်",1
"မှာ","ဆိုလို",1
"မှာ","ဆိုလိုရင်း",1
"မှာ","ဆိုလိုသည်",1
"မှာ","ဆီး",1
"မှာ","ဆီးနှင်း",1
"မှာ","ဆီးရီးယား",1
"မှာ","ဆု",1
"မှာ","ဆူဗား",1
"မှာ","ဆူဘာ",1
"မှာ","ဆူးလ်",1
"မှာ","ဆေးရုံကြီး",1
"မှာ","ဆေးဝါး",1
"မှာ","ဆောင်ပုဒ်",1
"မှာ","ဆဲဗင်းအက်စ်",1
"မှာ","ဇင်ဘာဘွေ",1
"မှာ","ဇန်နဝါရီ",1
"မှာ","ဇွန်လကုန်",1
"မှာ","ဇာစ်မြစ်",1
"မှာ","ဇာတ်ခုံ",1
"မှာ","ဇာတ်ညွှန်းရေးဆရာ",1
"မှာ","ဇာတ်ရုံ",1
"မှာ","ဇာတ်လမ်း",1
"မှာ","ဇူလီယာ",1
"မှာ","ဈေး",1
"မှာ","ညနက်ပိုင်း",1
"မှာ","ညနေခင်း",1
"မှာ","ညနေပိုင်း",1
"မှာ","ညဘက်",1
"မှာ","ညဦး",1
"မှာ","ညာဖက်",1
"မှာ","ဋ္ဌာန",1
"မှာ","တကယ်တမ်း",1
"မှာ","တက်မ",1
"မှာ","တင်ပြပွဲ",1
"မှာ","တင်းမာနေချိန်",1
"မှာ","တစ်-နေ့",1
"မှာ","တစ်ကိုယ်ရည်",1
"မှာ","တစ်ခုခု",1
"မှာ","တစ်စိတ်တစ်ပိုင်း",1
"မှာ","တစ်နေ့နေ့",1
"မှာ","တစ်ဖက်",1
"မှာ","တစ်ဦးချင်း",1
"မှာ","တည်ငြိမ်ရေး",1
"မှာ","တည်ဆောက်နေချိန်",1
"မှာ","တည့်တည့်",1
"မှာ","တည်နေရာ",1
"မှာ","တည်ရာ",1
"မှာ","တတိယပွဲ",1
"မှာ","တနင်္ဂနွေ",1
"မှာ","တန်း",1
"မှာ","တပတ်",1
"မှာ","တပ်စခန်း",1
"မှာ","တပ်စု",1
"မှာ","တပ်မတော်",1
"မှာ","တဖက်",1
"မှာ","တရားခွင်",1
"မှာ","တရားလွှတ်တော်ချုပ်",1
"မှာ","တရားလို",1
"မှာ","တရားဥပဒေ",1
"မှာ","တရုတ်",1
"မှာ","တဝိုက်",1
"မှာ","တွင်းပိုင်း",1
"မှာ","တွန်းအား",1
"မှာ","တွေးခေါ်ခွင့်",1
"မှာ","တသက်တာ",1
"မှာ","တားဂတ်",1
"မှာ","တားမြစ်ကုန်",1
"မှာ","တာဝေး",1
"မှာ","တိတ်ခွေ",1
"မှာ","တိုး",1
"မှာ","တိုကျို",1
"မှာ","တိုက်",1
"မှာ","တိုင်ကြားစာ",1
"မှာ","တိုင်ကီ",1
"မှာ","တိုင်းတပါး",1
"မှာ","တိုးတာချက်",1
"မှာ","တိုးမြှင့်လစာ",1
"မှာ","တိုရွန်တို",1
"မှာ","တီးစိုက်",1
"မှာ","တီးဆိုဒ်",1
"မှာ","တူးဆော့",1
"မှာ","တူးမြောင်း",1
"မှာ","တူရကီ",1
"မှာ","တောင်တန်း",1
"မှာ","တောင်ထိပ်",1
"မှာ","တော့အာ",1
"မှာ","တော်ဝင်မင်ဂူ",1
"မှာ","ထက်",1
"မှာ","ထယ်လ်စ်ထွာ",1
"မှာ","ထရစ်",1
"မှာ","ထရပ်ကား",1
"မှာ","ထရမ်",1
"မှာ","ထရီဘက်",1
"မှာ","ထွက်ပေါက်",1
"မှာ","ထွက်ပေါ်လာချိန်",1
"မှာ","ထွက်လာချိန်",1
"မှာ","ထိခိုက်ဒဏ်ရာ",1
"မှာ","ထိပ်",1
"မှာ","ထိပ်ဖျား",1
"မှာ","ထု",1
"မှာ","ထုတ်ကုန်",1
"မှာ","ထုတ်ပြန်ချက်",1
"မှာ","ထုတ်လွှင့်",1
"မှာ","ထူတောင်ရေး",1
"မှာ","ထောင်သား",1
"မှာ","ဒက်ဘလင်",1
"မှာ","ဒဗလျုအက်ဖ်အယ်အေ",1
"မှာ","ဒဗလျူစီဒဗလျူ",1
"မှာ","ဒဗွီလူအေစီအေ",1
"မှာ","ဒမစကတ်ဒ်",1
"မှာ","ဒရမ်စမာလာ",1
"မှာ","ဒရိုင်ဘာ",1
"မှာ","ဒါဇင်",1
"မှာ","ဒါဖါ",1
"မှာ","ဒါဘာဇ်",1
"မှာ","ဒိန်းမတ်",1
"မှာ","ဒီ",1
"မှာ","ဒီနေရာ",1
"မှာ","ဒီရာသီ",1
"မှာ","ဒီအမ်ဇာတ်",1
"မှာ","ဒုံးကျည်",1
"မှာ","ဒုတိယ-ဗိုလ်လုပွဲ",1
"မှာ","ဒုတိယပိုင်း",1
"မှာ","ဒေတာ",1
"မှာ","ဒေးဗစ်စ်",1
"မှာ","ဒေသတွင်း",1
"မှာ","ဒေါင်နာ",1
"မှာ","ဒေါင်းလုပ်",1
"မှာ","ဓားစားခံ",1
"မှာ","ဓာတ်ဆား",1
"မှာ","ဓာတ်ပုံ",1
"မှာ","ဓားပြ",1
"မှာ","နည်း",1
"မှာ","နည်းစနစ်",1
"မှာ","နည်းဗျူဟာ",1
"မှာ","နတ်ကီ",1
"မှာ","နံပါတ်",1
"မှာ","နယူး",1
"မှာ","နယ်",1
"မှာ","နယ်စပ်",1
"မှာ","နယ်နမိတ်",1
"မှာ","နျူကလီးယား",1
"မှာ","နွေ",1
"မှာ","နှင်း",1
"မှာ","နှစ်-ကုန်ပိုင်း",1
"မှာ","နှစ်ပေါင်း",1
"မှာ","နှစ်မြှုပ်",1
"မှာ","နှလုံးသား",1
"မှာ","နာဗားဒါ",1
"မှာ","နာရီပိုင်း",1
"မှာ","နိုင်ငံရပ်ခြား",1
"မှာ","နိုင်ငံသား",1
"မှာ","နိုဝင်ဘာ",1
"မှာ","နေ့ကလေးထိန်းကျောင်း",1
"မှာ","နေချိန်",1
"မှာ","နေရှင်",1
"မှာ","နေရာချထားရေး",1
"မှာ","နေရာလွတ်",1
"မှာ","နေ့လည်",1
"မှာ","နောက်ကျော",1
"မှာ","နောက်ဆုတ်",1
"မှာ","နောင်နှစ်",1
"မှာ","နောင်အခါ",1
"မှာ","နော့ဟိုထ်",1
"မှာ","နော်ဝေး",1
"မှာ","ပင်စင်",1
"မှာ","ပင်နယ်တီ",1
"မှာ","ပင်လယ်အော်",1
"မှာ","ပစိဖိတ်",1
"မှာ","ပညာ",1
"မှာ","ပညာကြားခွင့်",1
"မှာ","ပညာပေးရေး",1
"မှာ","ပတ်လမ်း",1
"မှာ","ပန်ဂါ",1
"မှာ","ပန်မန်အလန်ဂ",1
"မှာ","ပရိသတ်",1
"မှာ","ပြချိန်",1
"မှာ","ပြခဲ့ချိန်",1
"မှာ","ပြင်ဆင်နေချိန်",1
"မှာ","ပြင်ပ",1
"မှာ","ပြင်သစ်-ကေအန်လ်အမ်",1
"မှာ","ပြစ်ဒဏ်",1
"မှာ","ပြည်သူလူထု",1
"မှာ","ပြန်စာ",1
"မှာ","ပြန်တမ်း",1
"မှာ","ပြာ",1
"မှာ","ပြိုင်ကွင်း",1
"မှာ","ပြုပြင်ရာ",1
"မှာ","ပြူတင်းပေါက်",1
"မှာ","ပြေစာ",1
"မှာ","ပြေးလမ်း",1
"မှာ","ပြောကြားချက်",1
"မှာ","ပါးစပ်",1
"မှာ","ပါလက်စတိုင်း",1
"မှာ","ပိတ်ရက်",1
"မှာ","ပိုက်",1
"မှာ","ပိုင်ရှင်",1
"မှာ","ပို့စ်",1
"မှာ","ပိုလီနေးရှား",1
"မှာ","ပို့အယူပရင့်စ်",1
"မှာ","ပီ.အမ်",1
"မှာ","ပီတာစဘတ်",1
"မှာ","ပီအမ်",1
"မှာ","ပုပ်ရဟန်းမင်းကြီး",1
"မှာ","ပုံမှန်",1
"မှာ","ပူတင်",1
"မှာ","ပေ",1
"မှာ","ပေးချက်",1
"မှာ","ပေးရာ",1
"မှာ","ပေါင်",1
"မှာ","ပေါလ်",1
"မှာ","ပေါ်လစီ",1
"မှာ","ဖင်လန်",1
"မှာ","ဖယ်ရီ",1
"မှာ","ဖျက်ပစ်",1
"မှာ","ဖြစ်ချိန်",1
"မှာ","ဖြစ်စဥ်",1
"မှာ","ဖြည့်စွက်ချက်",1
"မှာ","ဖလား",1
"မှာ","ဖလူဂျ",1
"မှာ","ဖွံ့ဖြိုးတိုးတက်ရေး",1
"မှာ","ဖိလစ်ပိုင်",1
"မှာ","ဖီဗာ",1
"မှာ","ဖီလာဒဲဖီးယား",1
"မှာ","ဖုန်း",1
"မှာ","ဖူဂျီ",1
"မှာ","ဖူ့နာ",1
"မှာ","ဖေး",1
"မှာ","ဖေ့ဒ်",1
"မှာ","ဖော်ထုတ်ရာ",1
"မှာ","ဖော်ရမ်",1
"မှာ","ဗစ်တိုးရီးယား",1
"မှာ","ဗန်ကော့ဘာ",1
"မှာ","ဗွီဒီယူပီ",1
"မှာ","ဗာဂျီးနီးယား",1
"မှာ","ဗိုဒါဖွန်း",1
"မှာ","ဗိုရိုနင်",1
"မှာ","ဗိုလ်လုပွဲ",1
"မှာ","ဗီဇာ",1
"မှာ","ဗီရို",1
"မှာ","ဗုံးဆန်",1
"မှာ","ဗုဒ္ဓဘာသာဝင်",1
"မှာ","ဘက်ကဒတ်",1
"မှာ","ဘက်ခြမ်း",1
"မှာ","ဘက်ဂဒတ်",1
"မှာ","ဘက်ဂ္ဂဒက်",1
"မှာ","ဘက်ဂ်ဒက်",1
"မှာ","ဘက်စ်ကား",1
"မှာ","ဘက်ဖို့ရှိုင်းယား",1
"မှာ","ဘင်္ဂလားဒေ့ရှ်",1
"မှာ","ဘဏ္ဍာရေး",1
"မှာ","ဘတ်ဂျက်",1
"မှာ","ဘတ်စကက်ဘော",1
"မှာ","ဘတ်စကက်ဘောကွင်း",1
"မှာ","ဘယန့်ဒ်",1
"မှာ","ဘယ်ရီ",1
"မှာ","ဘယ်လ်ဂျီယမ်",1
"မှာ","ဘယ်အချိန်",1
"မှာ","ဘရင့်",1
"မှာ","ဘရစ်ခ်ျ",1
"မှာ","ဘရစ်စတို",1
"မှာ","ဘရစ်တွန်",1
"မှာ","ဘရစ်အမ်",1
"မှာ","ဘရွန်စ်",1
"မှာ","ဘရောင်း",1
"မှာ","ဘလန့်",1
"မှာ","ဘွတ်ရှ်",1
"မှာ","ဘွရှ်",1
"မှာ","ဘာကွာ",1
"မှာ","ဘာခန်",1
"မှာ","ဘာတီကန်",1
"မှာ","ဘာနို",1
"မှာ","ဘာမင်ဂန်",1
"မှာ","ဘာရိန်း",1
"မှာ","ဘာလီ",1
"မှာ","ဘာသာ",1
"မှာ","ဘာသာရပ်",1
"မှာ","ဘိုလ်လာဒ်",1
"မှာ","ဘီ",1
"မှာ","ဘီဇလီ",1
"မှာ","ဘီယာ",1
"မှာ","ဘီလီယံ",1
"မှာ","ဘုရှ်",1
"မှာ","ဘူဒါပက်စ်",1
"မှာ","ဘေဂျင်း",1
"မှာ","ဘေးဘက်",1
"မှာ","ဘောက်စ်",1
"မှာ","ဘော့စ်နီးယား",1
"မှာ","ဘောလုံးရိုက်တုတ်",1
"မှာ","ဘော်နီယို",1
"မှာ","မက်ကာနီ",1
"မှာ","မက်ကာနေ",1
"မှာ","မက်ကိန်း",1
"မှာ","မက်စီ",1
"မှာ","မက်ဆုဒ်",1
"မှာ","မက်ရန်",1
"မှာ","မက်ရှီ",1
"မှာ","မင်းဆက်ခေတ်",1
"မှာ","မစင်",1
"မှာ","မစ်ဆိုရီ",1
"မှာ","မစ်ဒ်လန်းဒ်",1
"မှာ","မစ်ရှင်",1
"မှာ","မတ်စ်တန်",1
"မှာ","မနက်ခင်း",1
"မှာ","မနက်ပိုင်း",1
"မှာ","မနက်ဖြန်",1
"မှာ","မန်ဒိုဇာ",1
"မှာ","မန်နေဂျာချုပ်",1
"မှာ","မျက်နှာ",1
"မှာ","မျက်မှောက်",1
"မှာ","မျိုးကွဲ",1
"မှာ","မရန်ဒါလိခ်",1
"မှာ","မြင်ကွင်း",1
"မှာ","မြစ်ဆုံ",1
"မှာ","မြေ",1
"မှာ","မြေအောက်ခန်း",1
"မှာ","မြေဩဇာ",1
"မှာ","မလေးရှား",1
"မှာ","မွန်းတည့်",1
"မှာ","မွန်တီစီတို",1
"မှာ","မွန်ထရီ",1
"မှာ","မွန်ဘိုင်း",1
"မှာ","မွန်းလွဲပိုင်း",1
"မှာ","မွေးနေ့",1
"မှာ","မှတ်ချက်",1
"မှာ","မှတ်စု",1
"မှာ","မှတ်ပုံတင်",1
"မှာ","မှန်",1
"မှာ","မှော်အတတ်",1
"မှာ","မာစတာချက်ဖ်",1
"မှာ","မာနာနာ",1
"မှာ","မာဖီ",1
"မှာ","မာရေးဖီး",1
"မှာ","မာလာဝီ",1
"မှာ","မိခင်",1
"မှာ","မိချောင်ဂိုင်",1
"မှာ","မိဘ",1
"မှာ","မိုဇက်ကာ",1
"မှာ","မိုတယ်",1
"မှာ","မိုရိုကို",1
"မှာ","မိုးရေချိန်",1
"မှာ","မီးခိုး",1
"မှာ","မီတာ",1
"မှာ","မီးတောက်",1
"မှာ","မီးတောင်",1
"မှာ","မီလန်",1
"မှာ","မုန့်",1
"မှာ","မူဆာဗီ",1
"မှာ","မူးယစ်ဆေးဝါး",1
"မှာ","မူရင်း",1
"မှာ","မူဝါဒ",1
"မှာ","မေ",1
"မှာ","မေး",1
"မှာ","မေးခွန်းချိန်",1
"မှာ","မေးခဲ့ချိန်",1
"မှာ","မေးမြန်းခန်း",1
"မှာ","မေးမြန်းချက်",1
"မှာ","မေးရိုး",1
"မှာ","မော",1
"မှာ","မော်ဂန်",1
"မှာ","မဲ",1
"မှာ","မဲဆန္ဒ",1
"မှာ","မဲဆန္ဒနယ်",1
"မှာ","မဲပုံး",1
"မှာ","မဲလ်လစ်ခ်",1
"မှာ","ယခုချိန်",1
"မှာ","ယဉ်ကျေးမှု",1
"မှာ","ယှဉ်ပြိုင်ပွဲ",1
"မှာ","ယှဉ်ပြိုင်သူ",1
"မှာ","ယိုဂျာကာတာ",1
"မှာ","ယူနစ်",1
"မှာ","ယူနိုက်တက်",1
"မှာ","ယူအက်စ်",1
"မှာ","ယူအက်စ်ဒီအေ",1
"မှာ","ယူအိုဒဘလျူ",1
"မှာ","ယောက်ျားလေး",1
"မှာ","ရက်ဒီ",1
"မှာ","ရည်မှန်းထားချက်",1
"မှာ","ရတ်တီ",1
"မှာ","ရထား",1
"မှာ","ရနေချိန်",1
"မှာ","ရန့်ဝစ်ခ်",1
"မှာ","ရပ်ဝန်း",1
"မှာ","ရမှတ်",1
"မှာ","ရရှိခဲ့ချိန်",1
"မှာ","ရလာချိန်",1
"မှာ","ရွန်မ်နီ",1
"မှာ","ရွာ",1
"မှာ","ရွာသား",1
"မှာ","ရဟတ်ယာဉ်",1
"မှာ","ရဟူး",1
"မှာ","ရှပ်",1
"မှာ","ရှိတ်",1
"မှာ","ရှိနေချိန်",1
"မှာ","ရှုထောင့်",1
"မှာ","ရာစု",1
"မှာ","ရာထူး",1
"မှာ","ရို့",1
"မှာ","ရိုက်စ်",1
"မှာ","ရိုက်လှည့်",1
"မှာ","ရိုစန်",1
"မှာ","ရိုမေးနီးယား",1
"မှာ","ရီပတ်ဘလစ်ကန်",1
"မှာ","ရီဗယ်စတုတ်",1
"မှာ","ရုပ်ပုံ",1
"မှာ","ရေခဲ",1
"မှာ","ရေ့စ်",1
"မှာ","ရေတပ်ဌာနချုပ်",1
"မှာ","ရေပြင်",1
"မှာ","ရော့",1
"မှာ","ရောကွန်ဘ်",1
"မှာ","ရောက်ရှိလာချိန်",1
"မှာ","ရောဂါ",1
"မှာ","ရော့ဘ်ဂျွန်းကွတ်",1
"မှာ","ရော့ဝဲလ်",1
"မှာ","ရော်နယ်ဒို",1
"မှာ","လက်ကောက်ဝတ်",1
"မှာ","လက်တွေ့",1
"မှာ","လက်ထပ်ရေး",1
"မှာ","လက်ထောက်",1
"မှာ","လက်ပစ်ဗုံး",1
"မှာ","လက်ဘနွန်",1
"မှာ","လက်မှတ်",1
"မှာ","လက်ရွေးစင်",1
"မှာ","လက်ရွေးစဉ်",1
"မှာ","လင်္ကာ",1
"မှာ","လစ်တ်ဗင်နကို",1
"မှာ","လစ်ဘနွန်",1
"မှာ","လည်ချောင်း",1
"မှာ","လန်ဒီ",1
"မှာ","လမ်းကြား",1
"မှာ","လမ်းကွေ့",1
"မှာ","လမ်းခွဲ",1
"မှာ","လမ်းစဉ်",1
"မှာ","လမ်းဆုံလမ်းခွ",1
"မှာ","လမ်းထောင့်",1
"မှာ","လမ်းပေါ်",1
"မှာ","လယ်ယာ",1
"မှာ","လျှပ်စစ်",1
"မှာ","လျှောက်လွှာတင်ချိန်",1
"မှာ","လျော့ချ",1
"မှာ","လွတ်မြောက်ရေး",1
"မှာ","လွတ်လပ်ရေး",1
"မှာ","လှိုင်း",1
"မှာ","လှိုင်းလုံးကြီး",1
"မှာ","လှေ",1
"မှာ","လှေကား",1
"မှာ","လှေကားခွင်",1
"မှာ","လှောင်အိမ်",1
"မှာ","လာဘ်",1
"မှာ","လိင်ဆက်ဆံတာ",1
"မှာ","လိုငွေ",1
"မှာ","လီယိုနီဆာ",1
"မှာ","လုပ်ကွက်",1
"မှာ","လုပ်ငန်းခွင်",1
"မှာ","လုပ်ငန်းစဥ်",1
"မှာ","လုပ်ဆောင်ရာ",1
"မှာ","လုပ်ပိုင်ခွင့်",1
"မှာ","လုပ်ရပ်",1
"မှာ","လုပ်သား",1
"မှာ","လုပ်အားခ",1
"မှာ","လူငယ်",1
"မှာ","လူစုလူဝေး",1
"မှာ","လူထု",1
"မှာ","လူထုဆန္ဒခံယူပွဲ",1
"မှာ","လူမျိုးရေး",1
"မှာ","လူမှုအစည်းအဝေး",1
"မှာ","လူးဝစ်",1
"မှာ","လူသား",1
"မှာ","လူအုပ်စု",1
"မှာ","လေ",1
"မှာ","လေ့ကျင့်ရေး",1
"မှာ","လေပြင်း",1
"မှာ","လေးပုံတစ်ပုံ",1
"မှာ","လေယာဥ်",1
"မှာ","လေလံပွဲ",1
"မှာ","လေလှိုင်း",1
"မှာ","လော်ရီ",1
"မှာ","ဝက်ရှ်",1
"မှာ","ဝစ်ဂ်",1
"မှာ","ဝစ်စလေ",1
"မှာ","ဝဘ်",1
"မှာ","ဝဘ်ဆိုဒ်",1
"မှာ","ဝရမ်းပြေး",1
"မှာ","ဝါရှင်တန်",1
"မှာ","ဝါးလ်ဒ်",1
"မှာ","ဝိုင်ဟောက်",1
"မှာ","ဝိုလောင်းဂွန်",1
"မှာ","ဝီကီလိစ်",1
"မှာ","ဝေး",1
"မှာ","သက်ဆိုင်ရာ",1
"မှာ","သက်မွေးအလုပ်",1
"မှာ","သင်း",1
"မှာ","သင်တန်း",1
"မှာ","သင်ရိုးညွှန်းတမ်း",1
"မှာ","သင်္ဘောသား",1
"မှာ","သစ်ပင်",1
"မှာ","သတင်းစကား",1
"မှာ","သတင်းစာဆရာ",1
"မှာ","သတင်းထောက်",1
"မှာ","သတ္တဝါ",1
"မှာ","သတ္တုဒြပ်စင်",1
"မှာ","သန်းခေါင်",1
"မှာ","သန့်စင်ခန်း",1
"မှာ","သဘောထား",1
"မှာ","သမိုင်းကြောင်း",1
"မှာ","သမ္မကျမ်းစာ",1
"မှာ","သမ္မတ",1
"မှာ","သမ္မတစနစ်",1
"မှာ","သွင်ပြင်",1
"မှာ","သွေး",1
"မှာ","သံသယ",1
"မှာ","သား",1
"မှာ","သာဓက",1
"မှာ","သားသမီး",1
"မှာ","သိုလှောင်ကုန်",1
"မှာ","သိုလှောင်ရုံ",1
"မှာ","သီချင်း",1
"မှာ","သီတင်း",1
"မှာ","သုံးသပ်ချက်",1
"မှာ","သူခိုး",1
"မှာ","သူပုန်",1
"မှာ","သူလျှို",1
"မှာ","သေဆုံးချိန်",1
"မှာ","သောက်နေချိန်",1
"မှာ","သောင်တင်နေခဲ့ချိန်",1
"မှာ","ဟန်လီ",1
"မှာ","ဟန်လေ",1
"မှာ","ဟန်းဝပ်ဒ်",1
"မှာ","ဟပ်ဒူး",1
"မှာ","ဟမ်မီတန်",1
"မှာ","ဟမ်ရှိင်းယား",1
"မှာ","ဟာဒီ",1
"မှာ","ဟာဝက်စ်",1
"မှာ","ဟိုက်",1
"မှာ","ဟိုင်တီ",1
"မှာ","ဟိုဒါ",1
"မှာ","ဟီရိုရှီးမား",1
"မှာ","ဟီးလ်",1
"မှာ","ဟီးလ်စ်",1
"မှာ","ဟီးသရိုး",1
"မှာ","ဟူးရ်",1
"မှာ","ဟေတီ",1
"မှာ","ဟေးရမ်",1
"မှာ","ဟောကိန်း",1
"မှာ","ဟောင်းကြီး",1
"မှာ","ဟောင်ကောင်",1
"မှာ","ဟောလ်ဝေ့ခ်ျ",1
"မှာ","ဟော်ကီ",1
"မှာ","အကျဉ်းချုပ်",1
"မှာ","အကျဉ်းထောင်ကြီး",1
"မှာ","အကျဥ်းခန်း",1
"မှာ","အကျိုးခံစားခွင့်",1
"မှာ","အကျိုးဆက်ရလာဒ်",1
"မှာ","အကျိုးရလဒ်",1
"မှာ","အကျော်",1
"မှာ","အကြံဉာဏ်",1
"မှာ","အကြပ်အတဲ",1
"မှာ","အကြံအစည်",1
"မှာ","အကြိုကာလ",1
"မှာ","အကြိုနေ့",1
"မှာ","အကြောင်းအရင်း",1
"မှာ","အကွေ့",1
"မှာ","အကောင်",1
"မှာ","အက်စ်ပရန်တို",1
"မှာ","အက်ပဲလ်",1
"မှာ","အက်ဖ်အက်ဖ်အေ",1
"မှာ","အက်ဘလ်လင်န်",1
"မှာ","အက်ရှ်",1
"မှာ","အက်ဥပဒေ",1
"မှာ","အချိတ်အဆက်",1
"မှာ","အခြမ်း",1
"မှာ","အခြေခံ",1
"မှာ","အခြေအနေမျိုး",1
"မှာ","အခွင့်အရေး",1
"မှာ","အခါ",1
"မှာ","အခိုက်အတန့်",1
"မှာ","အခုချိန်",1
"မှာ","အငယ်တန်း",1
"မှာ","အင်ဂျင်",1
"မှာ","အင်စတီကျု",1
"မှာ","အင်တာနက်",1
"မှာ","အင်းဘရက်",1
"မှာ","အင်အား",1
"မှာ","အင်္ဂတေဖျော်စက်",1
"မှာ","အစဉ်",1
"မှာ","အစွန်း",1
"မှာ","အစွန်ဆုံး",1
"မှာ","အစားအစာ",1
"မှာ","အစိတ်အပိုင်း",1
"မှာ","အစုံလိုက်",1
"မှာ","အဆက်သွယ်",1
"မှာ","အဆင့်တိုင်း",1
"မှာ","အဆိုတော်",1
"မှာ","အဆိုပြုလွှာ",1
"မှာ","အဌမ",1
"မှာ","အတွင်းပိုင်း",1
"မှာ","အတွေ့အကြုံ",1
"မှာ","အတွဲ",1
"မှာ","အတားအဆီး",1
"မှာ","အတိတ်",1
"မှာ","အတောတွင်း",1
"မှာ","အတော်",1
"မှာ","အတ်ကင်စ်",1
"မှာ","အထင်မြင်မှား",1
"မှာ","အထွက်နှုန်း",1
"မှာ","အဓိပ္ပာယ်",1
"မှာ","အနက်",1
"မှာ","အနက်ရောင်",1
"မှာ","အနည်းဆုံး",1
"မှာ","အနှံ့အပြား",1
"မှာ","အနှေးယဉ်",1
"မှာ","အနာပိုလိစ်",1
"မှာ","အနိုင်",1
"မှာ","အနိုင်အရှုံး",1
"မှာ","အနီးနား",1
"မှာ","အနောက်",1
"မှာ","အနောက်ဘက်",1
"မှာ","အန်တိုနီယို",1
"မှာ","အန်ဝိုင်အက်အီး",1
"မှာ","အန်အက်စ်ဒဗလျူ",1
"မှာ","အန်အက်ဖ်အယ်လ်",1
"မှာ","အပစ်ခတ်",1
"မှာ","အပျက်အစီး",1
"မှာ","အပြင်ပန်း",1
"မှာ","အပြစ်",1
"မှာ","အပြန်",1
"မှာ","အပြုအမူ",1
"မှာ","အပြေး",1
"မှာ","အပြောင်းအလဲ",1
"မှာ","အပလီကေးရှင်း",1
"မှာ","အပါအဝင်",1
"မှာ","အပိုချိန်",1
"မှာ","အပေါက်",1
"မှာ","အဖေ",1
"မှာ","အမည်",1
"မှာ","အများ",1
"မှာ","အများဆုံး",1
"မှာ","အများပြည်သူ",1
"မှာ","အများရှေ့",1
"မှာ","အမျိုးမျိုး",1
"မှာ","အမြင့်",1
"မှာ","အမြစ်",1
"မှာ","အမှတ်စာရင်း",1
"မှာ","အမှတ်အသား",1
"မှာ","အမှား",1
"မှာ","အမှုကိစ္စ",1
"မှာ","အမှုဆောင်",1
"မှာ","အမှူ",1
"မှာ","အမိန့်စာ",1
"မှာ","အမေဇုန်",1
"မှာ","အမ်စီဒေါ်နယ်",1
"မှာ","အယူခံ",1
"မှာ","အယူအဆ",1
"မှာ","အယောက်",1
"မှာ","အယ်ဂျီးရီးယား",1
"မှာ","အယ်ဒါမာ့စ်တန်",1
"မှာ","အယ်လ်ပီ",1
"မှာ","အယ်လ်အာရ်အို",1
"မှာ","အယ်အိုင်အာအာ",1
"မှာ","အရင်းအမြစ်",1
"မှာ","အရည်အချင်း",1
"မှာ","အရှည်",1
"မှာ","အရှိန်",1
"မှာ","အရှေ့ဘက်",1
"မှာ","အရာဝတ္တု",1
"မှာ","အရုပ်ဆိုင်",1
"မှာ","အရုပ်တွှေ",1
"မှာ","အရောင်း",1
"မှာ","အရောင်းဆိုင်",1
"မှာ","အလံ",1
"မှာ","အလင်းတန်း",1
"မှာ","အလယ်ပိုင်း",1
"မှာ","အလယ်ဗဟို",1
"မှာ","အလားအလာ",1
"မှာ","အလုပ်လက်မဲ့နှုန်း",1
"မှာ","အလုပ်အကိုင်",1
"မှာ","အလောင်း",1
"မှာ","အဝတ်",1
"မှာ","အဝတ်အစား",1
"မှာ","အဝန်းအဝိုင်း",1
"မှာ","အွန့်",1
"မှာ","အွန်လိုင်း",1
"မှာ","အသက်မွေးဝမ်းကျောင်း",1
"မှာ","အသင်းချုပ်",1
"မှာ","အသံဖမ်းစက်",1
"မှာ","အသံဖိုင်",1
"မှာ","အသံလှိုင်း",1
"မှာ","အသာစီး",1
"မှာ","အသုဘ",1
"မှာ","အသေးဖွဲအပြစ်",1
"မှာ","အဟောင်း",1
"မှာ","အား",1
"မှာ","အာဖကန်နစ်စတန်",1
"မှာ","အာမေးနီးယား",1
"မှာ","အာရပ်နိုင်ငံသား",1
"မှာ","အာလာချီ",1
"မှာ","အားလုံးပေါင်း",1
"မှာ","အားအင်",1
"မှာ","အိတ်",1
"မှာ","အိဒ်",1
"မှာ","အိန်ဂျယ်လစ်",1
"မှာ","အိန်ဂျလိစ်",1
"မှာ","အိပ်ချိန်း",1
"မှာ","အိမ်ကွင်း",1
"မှာ","အိမ်စောင့်စည်းမျဉ်း",1
"မှာ","အိမ်နီးချင်း",1
"မှာ","အိုင်အက်စ်ပီ",1
"မှာ","အိုင်အမ်ဒီ",1
"မှာ","အိုင်အာအက်စ်",1
"မှာ","အိုတဝ",1
"မှာ","အိုးမဲ့အိမ်မဲ့",1
"မှာ","အိုလံပစ်",1
"မှာ","အိုအီးစီဒီ",1
"မှာ","အီတလီ",1
"မှာ","အီဒင်ဘရပ်",1
"မှာ","အီဗန်",1
"မှာ","အီဘီဇာ",1
"မှာ","အီယူ",1
"မှာ","အီရီ",1
"မှာ","အီလီနွိုက်",1
"မှာ","အီးအက်စ်တီ",1
"မှာ","အီးအီးအေ",1
"မှာ","အုတ်ကျိုးအုတ်ပဲ့",1
"မှာ","အေဂျင်စီ",1
"မှာ","အေဇက်",1
"မှာ","အေဒင်ဘာ့",1
"မှာ","အေပရယ်",1
"မှာ","အေရာ",1
"မှာ","အေသင်",1
"မှာ","အေအာဒီ",1
"မှာ","အော့ကလန်း",1
"မှာ","အောက်ခြေ",1
"မှာ","အောဂ်လန်း",1
"မှာ","အောင်နိုင်ရေး",1
"မှာ","အော့ဖ်လိုင်း",1
"မှာ","အဲဒိနေရာ",1
"မှာ","ဥပဒေကြမ်း",1
"မှာ","ဥပဒေပြုအမတ်",1
"မှာ","ဥပမာ",1
"မှာ","ဦး",1
"မှာ","ဦးနှောက်",1
"မှာ","ဧက",1
"မှာ","ဧည့်ခန်း",1
