,value,value_pair,count
2832,မှာ,နေရာ,105
2833,မှာ,နေ့,63
2834,မှာ,သူ,53
2835,မှာ,အတွင်း,48
2836,မှာ,အပေါ်,46
2837,မှာ,အောက်,41
2838,မှာ,အချိန်,36
2839,မှာ,ပွဲ,34
2840,မှာ,နှစ်,33
2841,မှာ,ခုနှစ်,31
2842,မှာ,နိုင်ငံ,31
2843,မှာ,လ,30
2844,မှာ,ပြိုင်ပွဲ,29
2845,မှာ,နောက်ဆုံး,20
2846,မှာ,မြို့,19
2847,မှာ,မိနစ်,19
2848,မှာ,နာရီ,18
2849,မှာ,အခြေအနေ,18
2850,မှာ,အရေအတွက်,18
2851,မှာ,အရာ,17
2852,မှာ,နောက်,16
2853,မှာ,ပြည်နယ်,14
2854,မှာ,ရွေးကောက်ပွဲ,14
2855,မှာ,သတင်း,14
2856,မှာ,အလုပ်,14
2857,မှာ,ကြား,13
2858,မှာ,ဒေသ,13
2859,မှာ,နောက်ပိုင်း,13
2860,မှာ,ကိစ္စ,12
2861,မှာ,လူ,12
2862,မှာ,အစီအစဉ်,12
2863,မှာ,အဆုံး,12
2864,မှာ,နှုန်း,11
2865,မှာ,အသင်း,11
2866,မှာ,ကနေဒါ,10
2867,မှာ,ကမ္ဘာ,10
2868,မှာ,ရက်,10
2869,မှာ,ရလဒ်,10
2870,မှာ,ရာသီ,10
2871,မှာ,အပြင်ဘက်,10
2872,မှာ,အီရတ်,10
2873,မှာ,ကျောင်း,9
2874,မှာ,ကာလ,9
2875,မှာ,စာ,9
2876,မှာ,စာရင်း,9
2877,မှာ,ဒဏ်ရာ,9
2878,မှာ,ရာခိုင်နှုန်း,9
2879,မှာ,လွှတ်တော်,9
2880,မှာ,ဝန်းကျင်,9
2881,မှာ,အကြောင်း,9
2882,မှာ,အစောပိုင်း,9
2883,မှာ,အထဲ,9
2884,မှာ,အနည်းငယ်,9
2885,မှာ,အဖွဲ့,9
2886,မှာ,ဆေးရုံ,8
2887,မှာ,သန်း,8
2888,မှာ,အစ,8
2889,မှာ,အသစ်,8
2890,မှာ,အိမ်,8
2891,မှာ,စကာ,7
2892,မှာ,စခန်း,7
2893,မှာ,ဆိုင်ရာ,7
2894,မှာ,ညီလာခံ,7
2895,မှာ,ထိပ်ဆုံး,7
2896,မှာ,ပွဲစဉ်,7
2897,မှာ,မနက်,7
2898,မှာ,ယနေ့,7
2899,မှာ,သတင်းစာ,7
2900,မှာ,သမိုင်း,7
2901,မှာ,အဆင့်,7
2902,မှာ,အဆို,7
2903,မှာ,ကျေးဇူး,6
2904,မှာ,ကွင်း,6
2905,မှာ,စနစ်,6
2906,မှာ,ည,6
2907,မှာ,တစ်ဝက်,6
2908,မှာ,ထောင်,6
2909,မှာ,ပြည်ထောင်စု,6
2910,မှာ,ပြဿနာ,6
2911,မှာ,ပါတီ,6
2912,မှာ,ပုံ,6
2913,မှာ,ဖြစ်ရပ်,6
2914,မှာ,ရှေ့,6
2915,မှာ,လန်ဒန်,6
2916,မှာ,လူဦးရေ,6
2917,မှာ,အစိုးရ,6
2918,မှာ,အန္တရာယ်,6
2919,မှာ,အပိုင်း,6
2920,မှာ,အဖြစ်,6
2921,မှာ,အရာရှိ,6
2922,မှာ,ဥပဒေ,6
2923,မှာ,ခရီးသည်,5
2924,မှာ,စုစုပေါင်း,5
2925,မှာ,ညနေ,5
2926,မှာ,ဌာန,5
2927,မှာ,တရားရုံး,5
2928,မှာ,တောင်,5
2929,မှာ,ဒီဇင်ဘာ,5
2930,မှာ,နယ်မြေ,5
2931,မှာ,မြေပြင်,5
2932,မှာ,မှတ်တမ်း,5
2933,မှာ,ယာဉ်,5
2934,မှာ,ယူတီစီ,5
2935,မှာ,လမ်းကြောင်း,5
2936,မှာ,လုပ်ငန်း,5
2937,မှာ,လူပေါင်း,5
2938,မှာ,လူမျိုး,5
2939,မှာ,အခမ်းအနား,5
2940,မှာ,အချက်,5
2941,မှာ,အစည်းအဝေး,5
2942,မှာ,အနီး,5
2943,မှာ,အမျိုးသမီး,5
2944,မှာ,ကဏ္ဍ,4
2945,မှာ,ကမ်းခြေ,4
2946,မှာ,ကုမ္ပဏီ,4
2947,မှာ,ဂျာနယ်,4
2948,မှာ,စျေးနှုန်း,4
2949,မှာ,စွဲချက်,4
2950,မှာ,တစ်လျှောက်,4
2951,မှာ,တန်ဖိုး,4
2952,မှာ,တပ်ဖွဲ့,4
2953,မှာ,နယူးဇီလန်,4
2954,မှာ,ပစ္စည်း,4
2955,မှာ,ဖြစ်စဉ်,4
2956,မှာ,ဗီဒီယို,4
2957,မှာ,ဘုရားကျောင်း,4
2958,မှာ,ဘူတာရုံ,4
2959,မှာ,မြို့တော်,4
2960,မှာ,မီဒီယာ,4
2961,မှာ,မေးခွန်း,4
2962,မှာ,ရုံ,4
2963,မှာ,ရုံး,4
2964,မှာ,လမ်း,4
2965,မှာ,လမ်းဆုံ,4
2966,မှာ,လေဆိပ်,4
2967,မှာ,ဝန်ထမ်း,4
2968,မှာ,သက်တမ်း,4
2969,မှာ,သက်သေ,4
2970,မှာ,သင်္ဘော,4
2971,မှာ,သေနတ်,4
2972,မှာ,အကြာ,4
2973,မှာ,အကြား,4
2974,မှာ,အကြောင်းရင်း,4
2975,မှာ,အတောအတွင်း,4
2976,မှာ,အမေရိက,4
2977,မှာ,အမေရိကန်,4
2978,မှာ,အာရှ,4
2979,မှာ,အိုဘားမား,4
2980,မှာ,ဥယျာဉ်,4
2981,မှာ,ကျွန်း,3
2982,မှာ,ကျောင်းသား,3
2983,မှာ,ကလပ်,3
2984,မှာ,ကလေး,3
2985,မှာ,ကား,3
2986,မှာ,ခန်း,3
2987,မှာ,ခုနစ်,3
2988,မှာ,ငွေ,3
2989,မှာ,စက်ရုံ,3
2990,မှာ,စစ်ပွဲ,3
2991,မှာ,စရိတ်,3
2992,မှာ,စာရင်းဝင်,3
2993,မှာ,ဆိုင်,3
2994,မှာ,တစ်ချိန်,3
2995,မှာ,တွင်း,3
2996,မှာ,တိပ်ခွေ,3
2997,မှာ,တိုင်းပြည်,3
2998,မှာ,ဒေါ်လာ,3
2999,မှာ,ပင်လယ်ပြင်,3
3000,မှာ,ပတ်ဝန်းကျင်,3
3001,မှာ,ပန်းခြံ,3
3002,မှာ,ပမာဏ,3
3003,မှာ,ပြင်သစ်,3
3004,မှာ,ပုံစံ,3
3005,မှာ,ဗုံး,3
3006,မှာ,ဘက်,3
3007,မှာ,ဘဏ်,3
3008,မှာ,မိန်းကလေး,3
3009,မှာ,ယာဉ်မောင်း,3
3010,မှာ,ယူကေ,3
3011,မှာ,ရာစုနှစ်,3
3012,မှာ,ရာသီဥတု,3
3013,မှာ,ရေ,3
3014,မှာ,ရဲ,3
3015,မှာ,လက်နက်,3
3016,မှာ,ဝန်ကြီးချုပ်,3
3017,မှာ,သီတင်းပတ်,3
3018,မှာ,အကျော့,3
3019,မှာ,အကြိမ်,3
3020,မှာ,အကြောင်းအရာ,3
3021,မှာ,အကွာအဝေး,3
3022,မှာ,အချက်အလက်,3
3023,မှာ,အခု,3
3024,မှာ,အနာဂတ်,3
3025,မှာ,အနီးအနား,3
3026,မှာ,အနေအထား,3
3027,မှာ,အပတ်,3
3028,မှာ,အဖွဲ့ဝင်,3
3029,မှာ,အမျိုးသား,3
3030,မှာ,အမြင်,3
3031,မှာ,အမှတ်,3
3032,မှာ,အမိန့်,3
3033,မှာ,အရပ်,3
3034,မှာ,အာဖဂန်နစ္စတန်,3
3035,မှာ,အာဖဂန်နစ်စတန်,3
3036,မှာ,အိမ်ဖြူတော်,3
3037,မှာ,ဦးရေ,3
3038,မှာ,ဧရိယာ,3
3039,မှာ,၎င်းနေရာ,2
3040,မှာ,ကစားကွင်း,2
3041,မှာ,ကြေးနန်း,2
3042,မှာ,ကြော်ငြာ,2
3043,မှာ,ကွန်ကရစ်,2
3044,မှာ,ကိုမာ,2
3045,မှာ,ကီလိုမီတာ,2
3046,မှာ,ကုလားထိုင်,2
3047,မှာ,ကောလိပ်,2
3048,မှာ,ကော်နက်တီကတ်,2
3049,မှာ,ကော်လံ,2
3050,မှာ,ခန့်မှန်းချက်,2
3051,မှာ,ခရိုင်,2
3052,မှာ,ခရုစ်,2
3053,မှာ,ခြေထောက်,2
3054,မှာ,ခွင့်,2
3055,မှာ,စကော့တလန်,2
3056,မှာ,စစ်,2
3057,မှာ,စျေးကွက်,2
3058,မှာ,စာတမ်း,2
3059,မှာ,စာမျက်နှာ,2
3060,မှာ,စိတ်,2
3061,မှာ,စီ,2
3062,မှာ,စီးပွားရေး,2
3063,မှာ,စု,2
3064,မှာ,ဆန္ဒ,2
3065,မှာ,ဆဘတ်,2
3066,မှာ,ဆောင်းပါး,2
3067,မှာ,ဈေးကွက်,2
3068,မှာ,ဈေးနှုန်း,2
3069,မှာ,ဌာနချုပ်,2
3070,မှာ,တက္ကသိုလ်,2
3071,မှာ,တစ်ဆိုင်,2
3072,မှာ,တစ်ဝှမ်း,2
3073,မှာ,တရား,2
3074,မှာ,တရားသူကြီး,2
3075,မှာ,တွေ့ဆုံပွဲ,2
3076,မှာ,တာဝန်,2
3077,မှာ,တီဗွီ,2
3078,မှာ,တော,2
3079,မှာ,တောင်ပိုင်း,2
3080,မှာ,တောင်ဘက်,2
3081,မှာ,ထိုင်ဝမ်,2
3082,မှာ,ဒဗလျူအမ်အေကျူ,2
3083,မှာ,ဒိုင်အောက်ဆိုဒ်,2
3084,မှာ,ဒုက္ခသည်,2
3085,မှာ,ဓာတ်ငွေ့,2
3086,မှာ,နည်းလမ်း,2
3087,မှာ,နံနက်,2
3088,မှာ,နယူးယောက်,2
3089,မှာ,နယ်ပယ်,2
3090,မှာ,နှောင်းပိုင်း,2
3091,မှာ,နာရီဝက်,2
3092,မှာ,နေရာတိုင်း,2
3093,မှာ,ပင်လယ်,2
3094,မှာ,ပစ်မှတ်,2
3095,မှာ,ပညာရှင်,2
3096,မှာ,ပထမပိုင်း,2
3097,မှာ,ပြခန်း,2
3098,မှာ,ပြည်ပ,2
3099,မှာ,ပြပွဲ,2
3100,မှာ,ပါလီမန်,2
3101,မှာ,ပိတ်ဆို့,2
3102,မှာ,ဗျူရို,2
3103,မှာ,ဗွီဒီယို,2
3104,မှာ,ဘဂ္ဂဒက်,2
3105,မှာ,ဘလော့ဂ်,2
3106,မှာ,ဘလောင်းတ်,2
3107,မှာ,ဘဝ,2
3108,မှာ,ဘီဘီစီ,2
3109,မှာ,ဘီလျံနာ,2
3110,မှာ,မဂ္ဂဇင်း,2
3111,မှာ,မျိုး,2
3112,မှာ,မြောက်ပိုင်း,2
3113,မှာ,မှတ်,2
3114,မှာ,မာတာတာ,2
3115,မှာ,မာရသွန်,2
3116,မှာ,မိန့်ခွန်း,2
3117,မှာ,မိုင်းတွင်း,2
3118,မှာ,မီး,2
3119,မှာ,မူကြမ်း,2
3120,မှာ,မူလ,2
3121,မှာ,မဲဆန္ဒနယ်မြေ,2
3122,မှာ,မဲရုံ,2
3123,မှာ,ယခု,2
3124,မှာ,ယာဉ်တန်း,2
3125,မှာ,ရင်ပြင်,2
3126,မှာ,ရန်ပွဲ,2
3127,မှာ,ရပ်ကွက်,2
3128,မှာ,ရာဇဝတ်မှု,2
3129,မှာ,ရုပ်ရှင်,2
3130,မှာ,လက္ခဏာ,2
3131,မှာ,လက်,2
3132,မှာ,လက်ဆာ,2
3133,မှာ,လက်မောင်း,2
3134,မှာ,လစာ,2
3135,မှာ,လိပ်စာ,2
3136,မှာ,လိုင်း,2
3137,မှာ,လုံး,2
3138,မှာ,လုပ်ငန်းစဉ်,2
3139,မှာ,လူနာ,2
3140,မှာ,လေယာဉ်,2
3141,မှာ,ဝန်ကြီး,2
3142,မှာ,ဝှိုက်,2
3143,မှာ,ဝီကီနယူးစ်,2
3144,မှာ,ဝီကီပီးဒီးယား,2
3145,မှာ,သတင်းပေးပို့ချက်,2
3146,မှာ,သတ္တုတွင်း,2
3147,မှာ,သဘောတရား,2
3148,မှာ,သြစတြေးလျ,2
3149,မှာ,သိန်း,2
3150,မှာ,သုတေသန,2
3151,မှာ,ဟိသဂိုး,2
3152,မှာ,အကျဥ်းထောင်,2
3153,မှာ,အကျိုး,2
3154,မှာ,အကြွင်းအကျန်,2
3155,မှာ,အကြောင်းကြားစာ,2
3156,မှာ,အခွင့်အလမ်း,2
3157,မှာ,အင်တာဗျူး,2
3158,မှာ,အစပိုင်း,2
3159,မှာ,အစ္စတန်ဘူ,2
3160,မှာ,အဆောက်အအုံ,2
3161,မှာ,အတန်း,2
3162,မှာ,အထောက်အထား,2
3163,မှာ,အဓိက,2
3164,မှာ,အပြီး,2
3165,မှာ,အဖြစ်အပျက်,2
3166,မှာ,အဖွဲ့အစည်း,2
3167,မှာ,အဖော်,2
3168,မှာ,အများအပြား,2
3169,မှာ,အမြတ်အစွန်း,2
3170,မှာ,အမှု,2
3171,မှာ,အမေ,2
3172,မှာ,အရွယ်,2
3173,မှာ,အရှေ့,2
3174,မှာ,အဝေး,2
3175,မှာ,အသင်းတော်,2
3176,မှာ,အသုံးစရိတ်,2
3177,မှာ,အားကစား,2
3178,မှာ,အာဂျင်တီးနား,2
3179,မှာ,အာဏာပိုင်,2
3180,မှာ,အိမ်တော်,2
3181,မှာ,အီရန်,2
3182,မှာ,အေအမ်,2
3183,မှာ,အေအိုင်အက်ဖ်,2
3184,မှာ,အောက်တိုဘာ,2
3185,မှာ,အဲနေရာ,2
3186,မှာ,ဧပြီ,2
3187,မှာ,CAW,1
3188,မှာ,cbs2chicago.com,1
3189,မှာ,TMZ.com,1
3190,မှာ,ကက်ထရီနာ,1
3191,မှာ,ကင်းစဝေး,1
3192,မှာ,ကင်းဒမ်း,1
3193,မှာ,ကစားပွဲ,1
3194,မှာ,ကတိကဝတ်,1
3195,မှာ,ကန်ဒါဟာ,1
3196,မှာ,ကဘူး,1
3197,မှာ,ကဘူးလ်,1
3198,မှာ,ကမ္ဘာကြီး,1
3199,မှာ,ကမ္ဘာလုံး,1
3200,မှာ,ကယ်လီဖိုးနီးယား,1
3201,မှာ,ကျန်ဒေသ,1
3202,မှာ,ကျန်းမာရေးအခြေအနေ,1
3203,မှာ,ကျွန်းစု,1
3204,မှာ,ကျွန်းဆွယ်,1
3205,မှာ,ကျိုတို,1
3206,မှာ,ကျူးဘား,1
3207,မှာ,ကြည့်ရှုခွင့်,1
3208,မှာ,ကလက်စစ်,1
3209,မှာ,ကလေးပေါင်း,1
3210,မှာ,ကွင်းပြင်,1
3211,မှာ,ကွန်းပတ်,1
3212,မှာ,ကွန်ပျူတာ,1
3213,မှာ,ကွန်ယက်,1
3214,မှာ,ကွီလီရယ်လ်,1
3215,မှာ,ကာတန်,1
3216,မှာ,ကားဒစ်,1
3217,မှာ,ကာဒစ်ဖ်,1
3218,မှာ,ကိစ္စရပ်,1
3219,မှာ,ကိရိယာ,1
3220,မှာ,ကိုယ်စားလှယ်,1
3221,မှာ,ကိုယ်စားလှယ်လောင်း,1
3222,မှာ,ကိုယ်ဝန်ဆောင်ချိန်,1
3223,မှာ,ကိုရီးယား,1
3224,မှာ,ကိုလံဘီယာ,1
3225,မှာ,ကိုလီဆန်,1
3226,မှာ,ကီး,1
3227,မှာ,ကီဘူး,1
3228,မှာ,ကုန်,1
3229,မှာ,ကုန်ကျငွေ,1
3230,မှာ,ကုန်းမြင့်,1
3231,မှာ,ကုန်လှောင်ရုံ,1
3232,မှာ,ကုလသမဂ္ဂ,1
3233,မှာ,ကူးစက်တာ,1
3234,မှာ,ကူးသန်းရောင်းဝယ်ရေး,1
3235,မှာ,ကေကာ်နက်တီကတ်,1
3236,မှာ,ကေဘယ်ကြိုး,1
3237,မှာ,ကေအက်စ်အေအိပ်စ်,1
3238,မှာ,ကောင်းကင်ကြီး,1
3239,မှာ,ကောင်စီ,1
3240,မှာ,ကောင်စီဝင်လောင်း,1
3241,မှာ,ကောင်ရေ,1
3242,မှာ,ကောလာဟလ,1
3243,မှာ,ကော်ကာ,1
3244,မှာ,ကော်နယ်,1
3245,မှာ,ကော်ပိုရေးရှင်း,1
3246,မှာ,ကော်လ်လိုင်ရီ,1
3247,မှာ,ခဏအတွင်း,1
3248,မှာ,ခံနိုင်ရည်,1
3249,မှာ,ခန္ဓာကိုယ်,1
3250,မှာ,ချဒ်,1
3251,မှာ,ချန်ပီယံရှစ်,1
3252,မှာ,ချန်ဘရီနာ,1
3253,မှာ,ချီကာဂို,1
3254,မှာ,ချီဂမ်ဘူရာ,1
3255,မှာ,ချီတက်ဆန္ဒပြပွဲ,1
3256,မှာ,ချဲလ်ဆီး,1
3257,မှာ,ခရာဖို့ဒ်,1
3258,မှာ,ခရီးစဉ်,1
3259,မှာ,ခြံ,1
3260,မှာ,ခြေလှမ်း,1
3261,မှာ,ခုချိန်,1
3262,မှာ,ခုံသမာတိအဖွဲ့,1
3263,မှာ,ခေါင်း,1
3264,မှာ,ခေါင်းဆောင်,1
3265,မှာ,ခေါင်းမိုး,1
3266,မှာ,ဂဏန်း,1
3267,မှာ,ဂဒ်ဖ်,1
3268,မှာ,ဂျက်စ်,1
3269,မှာ,ဂျဇီရာ,1
3270,မှာ,ဂျာနယ်လစ်,1
3271,မှာ,ဂျာမနီ,1
3272,မှာ,ဂျီအမ်တီ,1
3273,မှာ,ဂျေပီအယ်လ်,1
3274,မှာ,ဂရမ့်,1
3275,မှာ,ဂြိုဟ်တု,1
3276,မှာ,ဂလမ်း,1
3277,မှာ,ဂါဇာ,1
3278,မှာ,ဂိတ်,1
3279,မှာ,ဂိတ်ဝ,1
3280,မှာ,ဂိမ်း,1
3281,မှာ,ဂိုဒေါင်,1
3282,မှာ,ဂိုးနယ်နမိတ်,1
3283,မှာ,ဂိုရ,1
3284,မှာ,ဂုရု,1
3285,မှာ,ဂူ,1
3286,မှာ,ဂူးဂဲလ်,1
3287,မှာ,ဂေဟာ,1
3288,မှာ,ဂေါ့,1
3289,မှာ,ဂေါက်,1
3290,မှာ,ဂေါ်ဒါ,1
3291,မှာ,ဃ,1
3292,မှာ,ငလျင်,1
3293,မှာ,ငွေကြေး,1
3294,မှာ,စ,1
3295,မှာ,စကား,1
3296,မှာ,စက္ကန့်,1
3297,မှာ,စက်ဘီး,1
3298,မှာ,စင်တာ,1
3299,မှာ,စင်တီမီတာ,1
3300,မှာ,စင်္ကာပူ,1
3301,မှာ,စစ်စခန်း,1
3302,မှာ,စစ်တမ်း,1
3303,မှာ,စစ်တိုးလိ,1
3304,မှာ,စစ်နည်းဗျူဟာ,1
3305,မှာ,စစ်မြေပြင်,1
3306,မှာ,စစ်သား,1
3307,မှာ,စည်းချက်,1
3308,မှာ,စည်းဝိုင်း,1
3309,မှာ,စတင်ချိန်,1
3310,မှာ,စတန်နီ,1
3311,မှာ,စတန်းဖို့စ်,1
3312,မှာ,စတာလင်ပေါင်,1
3313,မှာ,စတဲ,1
3314,မှာ,စန်နာ,1
3315,မှာ,စပိန်,1
3316,မှာ,စမစ်,1
3317,မှာ,စမ်းသပ်ခန်း,1
3318,မှာ,စွမ်းရည်,1
3319,မှာ,စွမ်းအား,1
3320,မှာ,စွယ်စုံကျမ်း,1
3321,မှာ,စာချုပ်,1
3322,မှာ,စာတမ်းငယ်,1
3323,မှာ,စာတိုက်,1
3324,မှာ,စားပွဲ,1
3325,မှာ,စာရွက်စာတမ်း,1
3326,မှာ,စာအုပ်,1
3327,မှာ,စိတ်ထား,1
3328,မှာ,စိတ်ဖိအား,1
3329,မှာ,စိတ်ဝိညာဥ်,1
3330,မှာ,စိန့်ကတ်သရင်း,1
3331,မှာ,စိုက်ပျိုးရေး,1
3332,မှာ,စီဒီတီ,1
3333,မှာ,စီရင်စု,1
3334,မှာ,ဆက်ဆံရေး,1
3335,မှာ,ဆက်သွယ်ရေး,1
3336,မှာ,ဆင်ဆာ,1
3337,မှာ,ဆစ်,1
3338,မှာ,ဆစ်ဒနီ,1
3339,မှာ,ဆန္ဒနယ်,1
3340,မှာ,ဆန့်ကျင်ရေး,1
3341,မှာ,ဆန်ဖရန်စစ္စကို,1
3342,မှာ,ဆယ်ကျော်သက်,1
3343,မှာ,ဆယ်စုနှစ်,1
3344,မှာ,ဆရာဝန်,1
3345,မှာ,ဆွန်း,1
3346,မှာ,ဆွန်ချီ,1
3347,မှာ,ဆိပ်ကမ်း,1
3348,မှာ,ဆိုင်းဘုတ်,1
3349,မှာ,ဆိုင်မွန်,1
3350,မှာ,ဆိုလိုရင်း,1
3351,မှာ,ဆိုလိုသည်,1
3352,မှာ,ဆီး,1
3353,မှာ,ဆီးနှင်း,1
3354,မှာ,ဆီးရီးယား,1
3355,မှာ,ဆု,1
3356,မှာ,ဆူဗား,1
3357,မှာ,ဆူဘာ,1
3358,မှာ,ဆူးလ်,1
3359,မှာ,ဆေးရုံကြီး,1
3360,မှာ,ဆေးဝါး,1
3361,မှာ,ဆဲဗင်းအက်စ်,1
3362,မှာ,ဇင်ဘာဘွေ,1
3363,မှာ,ဇနီး,1
3364,မှာ,ဇန်နဝါရီ,1
3365,မှာ,ဇာစ်မြစ်,1
3366,မှာ,ဇာတ်ညွှန်းရေးဆရာ,1
3367,မှာ,ဇာတ်ရုံ,1
3368,မှာ,ဇူလီယာ,1
3369,မှာ,ညနေခင်း,1
3370,မှာ,ညနေပိုင်း,1
3371,မှာ,ညဦး,1
3372,မှာ,ညာဖက်,1
3373,မှာ,ဋ္ဌာန,1
3374,မှာ,တကယ်တမ်း,1
3375,မှာ,တက်မ,1
3376,မှာ,တင်ပြပွဲ,1
3377,မှာ,တင်းမာနေချိန်,1
3378,မှာ,တစ်-နေ့,1
3379,မှာ,တစ်ကိုယ်ရည်,1
3380,မှာ,တစ်ခုခု,1
3381,မှာ,တစ်စိတ်တစ်ပိုင်း,1
3382,မှာ,တစ်နေ့နေ့,1
3383,မှာ,တစ်ဖက်,1
3384,မှာ,တစ်ဝန်း,1
3385,မှာ,တည်ငြိမ်ရေး,1
3386,မှာ,တည်ဆောက်နေချိန်,1
3387,မှာ,တည့်တည့်,1
3388,မှာ,တည်နေရာ,1
3389,မှာ,တည်ရာ,1
3390,မှာ,တန်း,1
3391,မှာ,တပ်စခန်း,1
3392,မှာ,တပ်စု,1
3393,မှာ,တပ်မတော်,1
3394,မှာ,တဖက်,1
3395,မှာ,တရားလွှတ်တော်ချုပ်,1
3396,မှာ,တရားလို,1
3397,မှာ,တဝိုက်,1
3398,မှာ,တွင်းပိုင်း,1
3399,မှာ,တွန်းအား,1
3400,မှာ,တသက်တာ,1
3401,မှာ,တားမြစ်ကုန်,1
3402,မှာ,တာဝေး,1
3403,မှာ,တိတ်ခွေ,1
3404,မှာ,တိုး,1
3405,မှာ,တိုကျို,1
3406,မှာ,တိုက်စစ်,1
3407,မှာ,တိုက်ပွဲ,1
3408,မှာ,တိုင်ကြားစာ,1
3409,မှာ,တိုင်ကီ,1
3410,မှာ,တိုင်းတပါး,1
3411,မှာ,တိုင်းမ်,1
3412,မှာ,တိုးတာချက်,1
3413,မှာ,တိုးမြှင့်လစာ,1
3414,မှာ,တိုရွန်တို,1
3415,မှာ,တီးစိုက်,1
3416,မှာ,တူးဆော့,1
3417,မှာ,တူးမြောင်း,1
3418,မှာ,တူရကီ,1
3419,မှာ,တောင်ထိပ်,1
3420,မှာ,တော့အာ,1
3421,မှာ,ထရပ်ကား,1
3422,မှာ,ထရမ်,1
3423,မှာ,ထရီဘက်,1
3424,မှာ,ထွက်ပေါက်,1
3425,မှာ,ထွက်လာချိန်,1
3426,မှာ,ထိပ်,1
3427,မှာ,ထိပ်ဖျား,1
3428,မှာ,ထု,1
3429,မှာ,ထုတ်ကုန်,1
3430,မှာ,ထူတောင်ရေး,1
3431,မှာ,ထောင်သား,1
3432,မှာ,ဒက်ဘလင်,1
3433,မှာ,ဒဗလျုအက်ဖ်အယ်အေ,1
3434,မှာ,ဒဗလျူစီဒဗလျူ,1
3435,မှာ,ဒမစကတ်ဒ်,1
3436,မှာ,ဒရိုင်ဘာ,1
3437,မှာ,ဒါဖါ,1
3438,မှာ,ဒါဘာဇ်,1
3439,မှာ,ဒိန်းမတ်,1
3440,မှာ,ဒီ,1
3441,မှာ,ဒီစီ,1
3442,မှာ,ဒီရာသီ,1
3443,မှာ,ဒီအမ်ဇာတ်,1
3444,မှာ,ဒုတိယ-ဗိုလ်လုပွဲ,1
3445,မှာ,ဒုတိယပိုင်း,1
3446,မှာ,ဒေတာ,1
3447,မှာ,ဒေသတွင်း,1
3448,မှာ,ဒေါင်နာ,1
3449,မှာ,ဓားစားခံ,1
3450,မှာ,ဓာတ်ပုံ,1
3451,မှာ,ဓားပြ,1
3452,မှာ,နည်းစနစ်,1
3453,မှာ,နည်းပညာ,1
3454,မှာ,နံပါတ်,1
3455,မှာ,နမူနာ,1
3456,မှာ,နယူး,1
3457,မှာ,နယ်,1
3458,မှာ,နယ်စပ်,1
3459,မှာ,နယ်နမိတ်,1
3460,မှာ,နှင်း,1
3461,မှာ,နှစ်ပေါင်း,1
3462,မှာ,နှစ်မြှုပ်,1
3463,မှာ,နား,1
3464,မှာ,နာဗားဒါ,1
3465,မှာ,နာရီပိုင်း,1
3466,မှာ,နိုင်ငံရပ်ခြား,1
3467,မှာ,နိုင်ငံသား,1
3468,မှာ,နိုဝင်ဘာ,1
3469,မှာ,နေ့ကလေးထိန်းကျောင်း,1
3470,မှာ,နေချိန်,1
3471,မှာ,နေ့ရက်,1
3472,မှာ,နေရှင်,1
3473,မှာ,နေရာလွတ်,1
3474,မှာ,နေ့လည်,1
3475,မှာ,နောက်ကွယ်,1
3476,မှာ,နောက်ဆက်တွဲ,1
3477,မှာ,နောက်ဆုတ်,1
3478,မှာ,နော်ဝေး,1
3479,မှာ,ပင်နယ်တီ,1
3480,မှာ,ပင်လယ်အော်,1
3481,မှာ,ပစိဖိတ်,1
3482,မှာ,ပညာ,1
3483,မှာ,ပညာကြားခွင့်,1
3484,မှာ,ပညာပေးရေး,1
3485,မှာ,ပညာရေး,1
3486,မှာ,ပဋိပက္ခ,1
3487,မှာ,ပန်ဂါ,1
3488,မှာ,ပရိသတ်,1
3489,မှာ,ပရိုဂရမ်,1
3490,မှာ,ပြခဲ့ချိန်,1
3491,မှာ,ပြင်ဆင်နေချိန်,1
3492,မှာ,ပြင်ပ,1
3493,မှာ,ပြင်သစ်-ကေအန်လ်အမ်,1
3494,မှာ,ပြစ်ဒဏ်,1
3495,မှာ,ပြည်သူလူထု,1
3496,မှာ,ပြန်တမ်း,1
3497,မှာ,ပြာ,1
3498,မှာ,ပြုပြင်ရာ,1
3499,မှာ,ပြူတင်းပေါက်,1
3500,မှာ,ပြေစာ,1
3501,မှာ,ပြောကြားချက်,1
3502,မှာ,ပွဲတော်,1
3503,မှာ,ပွဲဦးထွက်,1
3504,မှာ,ပါကစ္စတန်,1
3505,မှာ,ပါလက်စတိုင်း,1
3506,မှာ,ပိုက်,1
3507,မှာ,ပိုင်ရှင်,1
3508,မှာ,ပို့စ်,1
3509,မှာ,ပိုလီနေးရှား,1
3510,မှာ,ပို့အယူပရင့်စ်,1
3511,မှာ,ပီ.အမ်,1
3512,မှာ,ပီတာစဘတ်,1
3513,မှာ,ပီအမ်,1
3514,မှာ,ပုပ်ရဟန်းမင်းကြီး,1
3515,မှာ,ပုံမှန်,1
3516,မှာ,ပေ,1
3517,မှာ,ပေးချက်,1
3518,မှာ,ပေးရာ,1
3519,မှာ,ပေါင်,1
3520,မှာ,ပေါလ်,1
3521,မှာ,ပေါ်,1
3522,မှာ,ပေါ်လစီ,1
3523,မှာ,ဖင်လန်,1
3524,မှာ,ဖယ်ရီ,1
3525,မှာ,ဖြစ်စဥ်,1
3526,မှာ,ဖြည့်စွက်ချက်,1
3527,မှာ,ဖလား,1
3528,မှာ,ဖလူဂျ,1
3529,မှာ,ဖွံ့ဖြိုးတိုးတက်ရေး,1
3530,မှာ,ဖွဲ့စည်းပုံ,1
3531,မှာ,ဖိလစ်ပိုင်,1
3532,မှာ,ဖီလာဒဲဖီးယား,1
3533,မှာ,ဖုန်း,1
3534,မှာ,ဖူ့နာ,1
3535,မှာ,ဖေ့ဒ်,1
3536,မှာ,ဖောက်သည်,1
3537,မှာ,ဖော်ထုတ်ရာ,1
3538,မှာ,ဖော်ရမ်,1
3539,မှာ,ဗစ်တိုးရီးယား,1
3540,မှာ,ဗွီဒီယူပီ,1
3541,မှာ,ဗာဂျီးနီးယား,1
3542,မှာ,ဗိုရိုနင်,1
3543,မှာ,ဗုံးဆန်,1
3544,မှာ,ဗုဒ္ဓဘာသာဝင်,1
3545,မှာ,ဘက်ကဒတ်,1
3546,မှာ,ဘက်ခြမ်း,1
3547,မှာ,ဘက်စ်ကား,1
3548,မှာ,ဘက်ဖို့ရှိုင်းယား,1
3549,မှာ,ဘဏ္ဍာရေး,1
3550,မှာ,ဘတ်ဂျက်,1
3551,မှာ,ဘယန့်ဒ်,1
3552,မှာ,ဘယ်ရီ,1
3553,မှာ,ဘယ်လ်ဂျီယမ်,1
3554,မှာ,ဘရင့်,1
3555,မှာ,ဘရစ်ခ်ျ,1
3556,မှာ,ဘရစ်တွန်,1
3557,မှာ,ဘရစ်အမ်,1
3558,မှာ,ဘရွန်စ်,1
3559,မှာ,ဘရောင်း,1
3560,မှာ,ဘွတ်ရှ်,1
3561,မှာ,ဘွရှ်,1
3562,မှာ,ဘာကွာ,1
3563,မှာ,ဘာတီကန်,1
3564,မှာ,ဘာနို,1
3565,မှာ,ဘာမင်ဂန်,1
3566,မှာ,ဘာရိန်း,1
3567,မှာ,ဘာရီ,1
3568,မှာ,ဘာသာ,1
3569,မှာ,ဘာသာရပ်,1
3570,မှာ,ဘိုလ်လာဒ်,1
3571,မှာ,ဘီ,1
3572,မှာ,ဘီဇလီ,1
3573,မှာ,ဘီယာ,1
3574,မှာ,ဘီလီယံ,1
3575,မှာ,ဘုရှ်,1
3576,မှာ,ဘူဒါပက်စ်,1
3577,မှာ,ဘေး,1
3578,မှာ,ဘေဂျင်း,1
3579,မှာ,ဘောက်စ်,1
3580,မှာ,ဘော့စ်နီးယား,1
3581,မှာ,ဘော်နီယို,1
3582,မှာ,မက်ကာနီ,1
3583,မှာ,မက်ကာနေ,1
3584,မှာ,မက်ဆုဒ်,1
3585,မှာ,မက်ရန်,1
3586,မှာ,မစင်,1
3587,မှာ,မစ်ဆိုရီ,1
3588,မှာ,မစ်ဒ်လန်းဒ်,1
3589,မှာ,မစ်ရှင်,1
3590,မှာ,မနက်ခင်း,1
3591,မှာ,မနက်ပိုင်း,1
3592,မှာ,မနေ့,1
3593,မှာ,မန်ဒိုဇာ,1
3594,မှာ,မန်နေဂျာချုပ်,1
3595,မှာ,မျက်နှာ,1
3596,မှာ,မျက်နှာပြင်,1
3597,မှာ,မျက်မှောက်,1
3598,မှာ,မျိုးကွဲ,1
3599,မှာ,မရန်ဒါလိခ်,1
3600,မှာ,မြင်ကွင်း,1
3601,မှာ,မြစ်ဆုံ,1
3602,မှာ,မြေ,1
3603,မှာ,မြေဩဇာ,1
3604,မှာ,မြောက်ဘက်,1
3605,မှာ,မွန်းတည့်,1
3606,မှာ,မွန်တီစီတို,1
3607,မှာ,မွန်ထရီ,1
3608,မှာ,မွန်းလွဲပိုင်း,1
3609,မှာ,မွေးနေ့,1
3610,မှာ,မှတ်ချက်,1
3611,မှာ,မှတ်စု,1
3612,မှာ,မှတ်ပုံတင်,1
3613,မှာ,မာစတာချက်ဖ်,1
3614,မှာ,မာနာနာ,1
3615,မှာ,မာရေးဖီး,1
3616,မှာ,မိခင်,1
3617,မှာ,မိချောင်ဂိုင်,1
3618,မှာ,မိန်းမ,1
3619,မှာ,မိဘ,1
3620,မှာ,မိုင်,1
3621,မှာ,မိုဇက်ကာ,1
3622,မှာ,မိုရိုကို,1
3623,မှာ,မိုးရေချိန်,1
3624,မှာ,မီးခိုး,1
3625,မှာ,မီးတောက်,1
3626,မှာ,မီးတောင်,1
3627,မှာ,မီလန်,1
3628,မှာ,မုန့်,1
3629,မှာ,မူဆာဗီ,1
3630,မှာ,မူးယစ်ဆေးဝါး,1
3631,မှာ,မူရင်း,1
3632,မှာ,မေ,1
3633,မှာ,မေးခဲ့ချိန်,1
3634,မှာ,မေးမြန်းချက်,1
3635,မှာ,မေးမြန်းချိန်,1
3636,မှာ,မေးရိုး,1
3637,မှာ,မော,1
3638,မှာ,မော်ဂန်,1
3639,မှာ,မဲ,1
3640,မှာ,မဲဆန္ဒ,1
3641,မှာ,မဲပုံး,1
3642,မှာ,မဲလ်လစ်ခ်,1
3643,မှာ,ယှဉ်ပြိုင်သူ,1
3644,မှာ,ယိုဂျာကာတာ,1
3645,မှာ,ယူအက်စ်,1
3646,မှာ,ယူအက်စ်ဒီအေ,1
3647,မှာ,ယူအိုဒဘလျူ,1
3648,မှာ,ယောက်ျားလေး,1
3649,မှာ,ရက်ဒီ,1
3650,မှာ,ရက်သတ္တပတ်,1
3651,မှာ,ရည်မှန်းထားချက်,1
3652,မှာ,ရထား,1
3653,မှာ,ရပ်ဝန်း,1
3654,မှာ,ရမှတ်,1
3655,မှာ,ရရှိခဲ့ချိန်,1
3656,မှာ,ရလာချိန်,1
3657,မှာ,ရွန်မ်နီ,1
3658,မှာ,ရွာ,1
3659,မှာ,ရွာသား,1
3660,မှာ,ရဟတ်ယာဉ်,1
3661,မှာ,ရဟူး,1
3662,မှာ,ရှပ်,1
3663,မှာ,ရှုထောင့်,1
3664,မှာ,ရာစု,1
3665,မှာ,ရို့,1
3666,မှာ,ရိုစန်,1
3667,မှာ,ရိုမေးနီးယား,1
3668,မှာ,ရီဗယ်စတုတ်,1
3669,မှာ,ရုံးခန်း,1
3670,မှာ,ရုပ်ထု,1
3671,မှာ,ရုပ်ပုံ,1
3672,မှာ,ရုပ်မြင်သံကြား,1
3673,မှာ,ရုရှား,1
3674,မှာ,ရေခဲ,1
3675,မှာ,ရေ့စ်,1
3676,မှာ,ရေတပ်ဌာနချုပ်,1
3677,မှာ,ရေဒီယို,1
3678,မှာ,ရေနံ,1
3679,မှာ,ရေပြင်,1
3680,မှာ,ရောကွန်ဘ်,1
3681,မှာ,ရောက်ရှိလာချိန်,1
3682,မှာ,ရောဂါ,1
3683,မှာ,ရော့ဝဲလ်,1
3684,မှာ,ရော်နယ်ဒို,1
3685,မှာ,လက်ကောက်ဝတ်,1
3686,မှာ,လက်တွေ့,1
3687,မှာ,လက်ထပ်ရေး,1
3688,မှာ,လက်ပစ်ဗုံး,1
3689,မှာ,လက်မှတ်,1
3690,မှာ,လက်ရွေးစင်,1
3691,မှာ,လက်ရွေးစဉ်,1
3692,မှာ,လင်္ကာ,1
3693,မှာ,လစ်တ်ဗင်နကို,1
3694,မှာ,လစ်ဘနွန်,1
3695,မှာ,လည်ချောင်း,1
3696,မှာ,လန်ဒီ,1
3697,မှာ,လမ်းကွေ့,1
3698,မှာ,လမ်းခွဲ,1
3699,မှာ,လမ်းစဉ်,1
3700,မှာ,လမ်းဆုံလမ်းခွ,1
3701,မှာ,လမ်းထောင့်,1
3702,မှာ,လမ်းပေါ်,1
3703,မှာ,လမ်းမ,1
3704,မှာ,လယ်ယာ,1
3705,မှာ,လျှပ်စစ်,1
3706,မှာ,လျှောက်လွှာတင်ချိန်,1
3707,မှာ,လွတ်မြောက်ရေး,1
3708,မှာ,လွတ်လပ်ရေး,1
3709,မှာ,လှိုင်း,1
3710,မှာ,လှေ,1
3711,မှာ,လှေကား,1
3712,မှာ,လှေကားခွင်,1
3713,မှာ,လှောင်အိမ်,1
3714,မှာ,လာဘ်,1
3715,မှာ,လိင်ဆက်ဆံတာ,1
3716,မှာ,လီယိုနီဆာ,1
3717,မှာ,လုပ်ကွက်,1
3718,မှာ,လုပ်ငန်းခွင်,1
3719,မှာ,လုပ်ငန်းစဥ်,1
3720,မှာ,လုပ်ဆောင်ရာ,1
3721,မှာ,လုပ်ထုံးလုပ်နည်း,1
3722,မှာ,လုပ်ရပ်,1
3723,မှာ,လုပ်အားခ,1
3724,မှာ,လူငယ်,1
3725,မှာ,လူစုလူဝေး,1
3726,မှာ,လူထု,1
3727,မှာ,လူမျိုးရေး,1
3728,မှာ,လူမှုအစည်းအဝေး,1
3729,မှာ,လူးဝစ်,1
3730,မှာ,လူအုပ်စု,1
3731,မှာ,လေ,1
3732,မှာ,လေပြင်း,1
3733,မှာ,လေယာဥ်,1
3734,မှာ,လေလံပွဲ,1
3735,မှာ,လောက,1
3736,မှာ,လော်ရီ,1
3737,မှာ,ဝက်ဆိုက်,1
3738,မှာ,ဝက်ဘ်ဆိုက်,1
3739,မှာ,ဝက်ရှ်,1
3740,မှာ,ဝစ်ဂ်,1
3741,မှာ,ဝစ်စလေ,1
3742,မှာ,ဝဘ်ဆိုဒ်,1
3743,မှာ,ဝရမ်းပြေး,1
3744,မှာ,ဝါရှင်တန်,1
3745,မှာ,ဝါးလ်ဒ်,1
3746,မှာ,ဝိုင်ဟောက်,1
3747,မှာ,ဝိုလောင်းဂွန်,1
3748,မှာ,ဝီကီလိစ်,1
3749,မှာ,ဝေး,1
3750,မှာ,ဝေဖန်ချက်,1
3751,မှာ,သက်ဆိုင်ရာ,1
3752,မှာ,သက်မွေးအလုပ်,1
3753,မှာ,သင်း,1
3754,မှာ,သင်ရိုးညွှန်းတမ်း,1
3755,မှာ,သင်္ချိုင်းဂူ,1
3756,မှာ,သင်္ဘောသား,1
3757,မှာ,သစ်ပင်,1
3758,မှာ,သတင်းစကား,1
3759,မှာ,သတင်းစာဆရာ,1
3760,မှာ,သတ္တဝါ,1
3761,မှာ,သတ္တုဒြပ်စင်,1
3762,မှာ,သန်းခေါင်,1
3763,မှာ,သန့်စင်ခန်း,1
3764,မှာ,သမ္မကျမ်းစာ,1
3765,မှာ,သမ္မတ,1
3766,မှာ,သမ္မတစနစ်,1
3767,မှာ,သွင်ပြင်,1
3768,မှာ,သွေး,1
3769,မှာ,သံသယ,1
3770,မှာ,သား,1
3771,မှာ,သာဓက,1
3772,မှာ,သိုလှောင်ကုန်,1
3773,မှာ,သိုလှောင်ရုံ,1
3774,မှာ,သီတင်း,1
3775,မှာ,သီရိလင်္ကာ,1
3776,မှာ,သုံးသပ်ချက်,1
3777,မှာ,သူပုန်,1
3778,မှာ,သူမကိုယ်သူမ,1
3779,မှာ,သူလျှို,1
3780,မှာ,သောင်တင်နေခဲ့ချိန်,1
3781,မှာ,ဟက်ဂစ်,1
3782,မှာ,ဟန်လီ,1
3783,မှာ,ဟန်လေ,1
3784,မှာ,ဟန်းဝပ်ဒ်,1
3785,မှာ,ဟပ်ဒူး,1
3786,မှာ,ဟမ်မီတန်,1
3787,မှာ,ဟမ်ရှိင်းယား,1
3788,မှာ,ဟာဒီ,1
3789,မှာ,ဟိုက်,1
3790,မှာ,ဟိုင်တီ,1
3791,မှာ,ဟိုတယ်,1
3792,မှာ,ဟီရိုရှီးမား,1
3793,မှာ,ဟီးလ်စ်,1
3794,မှာ,ဟီးသရိုး,1
3795,မှာ,ဟူးရ်,1
3796,မှာ,ဟေတီ,1
3797,မှာ,ဟောကိန်း,1
3798,မှာ,ဟောင်ကောင်,1
3799,မှာ,ဟောလ်ဝေ့ခ်ျ,1
3800,မှာ,ဟော်ကီ,1
3801,မှာ,အကျဉ်းချုပ်,1
3802,မှာ,အကျိုးခံစားခွင့်,1
3803,မှာ,အကျိုးဆက်,1
3804,မှာ,အကျိုးဆက်ရလာဒ်,1
3805,မှာ,အကျိုးရလဒ်,1
3806,မှာ,အကျော်,1
3807,မှာ,အကြံ,1
3808,မှာ,အကြပ်အတည်း,1
3809,မှာ,အကြပ်အတဲ,1
3810,မှာ,အကြံအစည်,1
3811,မှာ,အကြောင်းအရင်း,1
3812,မှာ,အကွေ့,1
3813,မှာ,အကူအညီ,1
3814,မှာ,အကောင်,1
3815,မှာ,အက်စ်ပရန်တို,1
3816,မှာ,အက်ဖ်အက်ဖ်အေ,1
3817,မှာ,အက်ဘလ်လင်န်,1
3818,မှာ,အက်ရှ်,1
3819,မှာ,အက်ဥပဒေ,1
3820,မှာ,အခင်း,1
3821,မှာ,အချီ,1
3822,မှာ,အခြမ်း,1
3823,မှာ,အခြေခံ,1
3824,မှာ,အခြေအနေမျိုး,1
3825,မှာ,အခိုက်အတန့်,1
3826,မှာ,အင်ဂျင်,1
3827,မှာ,အင်ဒိုနီးရှား,1
3828,မှာ,အင်းဘရက်,1
3829,မှာ,အင်အား,1
3830,မှာ,အစဉ်,1
3831,မှာ,အစွန်း,1
3832,မှာ,အစွန်ဆုံး,1
3833,မှာ,အစိတ်အပိုင်း,1
3834,မှာ,အစု,1
3835,မှာ,အစုံလိုက်,1
3836,မှာ,အစ္စရေး,1
3837,မှာ,အဆက်သွယ်,1
3838,မှာ,အဆင့်တိုင်း,1
3839,မှာ,အဆင့်အတန်း,1
3840,မှာ,အဆိုပြုလွှာ,1
3841,မှာ,အဆောက်အဦး,1
3842,မှာ,အဌမ,1
3843,မှာ,အတွင်းပိုင်း,1
3844,မှာ,အတားအဆီး,1
3845,မှာ,အတောတွင်း,1
3846,မှာ,အတော်,1
3847,မှာ,အတ်ကင်စ်,1
3848,မှာ,အထင်မြင်မှား,1
3849,မှာ,အထွက်နှုန်း,1
3850,မှာ,အဓိပ္ပာယ်,1
3851,မှာ,အနက်,1
3852,မှာ,အနက်ရောင်,1
3853,မှာ,အနည်းဆုံး,1
3854,မှာ,အနှံ့အပြား,1
3855,မှာ,အနှေးယဉ်,1
3856,မှာ,အနာပိုလိစ်,1
3857,မှာ,အနိုင်,1
3858,မှာ,အနိုင်အရှုံး,1
3859,မှာ,အနီးနား,1
3860,မှာ,အနောက်ဘက်,1
3861,မှာ,အန်ဗာရွန်းစ်,1
3862,မှာ,အန်ဝိုင်အက်အီး,1
3863,မှာ,အန်အက်ဖ်အယ်လ်,1
3864,မှာ,အပစ်ခတ်,1
3865,မှာ,အပျက်အစီး,1
3866,မှာ,အပြင်,1
3867,မှာ,အပြင်ပန်း,1
3868,မှာ,အပြန်,1
3869,မှာ,အပြေး,1
3870,မှာ,အပြောင်းအလဲ,1
3871,မှာ,အပါအဝင်,1
3872,မှာ,အပိုချိန်,1
3873,မှာ,အပိုင်းအခြား,1
3874,မှာ,အပေါက်,1
3875,မှာ,အမည်,1
3876,မှာ,အများ,1
3877,မှာ,အများဆုံး,1
3878,မှာ,အများပြည်သူ,1
3879,မှာ,အများရှေ့,1
3880,မှာ,အမြင့်,1
3881,မှာ,အမြစ်,1
3882,မှာ,အမှတ်စာရင်း,1
3883,မှာ,အမှတ်အသား,1
3884,မှာ,အမှန်,1
3885,မှာ,အမှုကိစ္စ,1
3886,မှာ,အမှုဆောင်,1
3887,မှာ,အမိန့်စာ,1
3888,မှာ,အမေဇုန်,1
3889,မှာ,အယူခံ,1
3890,မှာ,အယူအဆ,1
3891,မှာ,အယ်ဒါမာ့စ်တန်,1
3892,မှာ,အယ်လ်ပီ,1
3893,မှာ,အယ်အိုင်အာအာ,1
3894,မှာ,အရင်းအမြစ်,1
3895,မှာ,အရည်အချင်း,1
3896,မှာ,အရှည်,1
3897,မှာ,အရှိန်,1
3898,မှာ,အရှေ့ဘက်,1
3899,မှာ,အရာဝတ္တု,1
3900,မှာ,အရုပ်ဆိုင်,1
3901,မှာ,အရုပ်တွှေ,1
3902,မှာ,အရောင်း,1
3903,မှာ,အလံ,1
3904,မှာ,အလင်းတန်း,1
3905,မှာ,အလယ်ပိုင်း,1
3906,မှာ,အလယ်ဗဟို,1
3907,မှာ,အလားအလာ,1
3908,မှာ,အလုပ်လက်မဲ့နှုန်း,1
3909,မှာ,အလုပ်အကိုင်,1
3910,မှာ,အလောင်း,1
3911,မှာ,အဝတ်အစား,1
3912,မှာ,အွန့်,1
3913,မှာ,အွန်လိုင်း,1
3914,မှာ,အသံ,1
3915,မှာ,အသက်,1
3916,မှာ,အသက်အရွယ်,1
3917,မှာ,အသင်းချုပ်,1
3918,မှာ,အသံဖမ်းစက်,1
3919,မှာ,အသံဖိုင်,1
3920,မှာ,အသံလှိုင်း,1
3921,မှာ,အသာစီး,1
3922,မှာ,အသိုင်းအဝိုင်း,1
3923,မှာ,အသုဘ,1
3924,မှာ,အသေးဖွဲအပြစ်,1
3925,မှာ,အဟောင်း,1
3926,မှာ,အား,1
3927,မှာ,အာဏာ,1
3928,မှာ,အာဖကန်နစ်စတန်,1
3929,မှာ,အာဖရိက,1
3930,မှာ,အာမေးနီးယား,1
3931,မှာ,အာရပ်နိုင်ငံသား,1
3932,မှာ,အာလာချီ,1
3933,မှာ,အားလုံးပေါင်း,1
3934,မှာ,အားအင်,1
3935,မှာ,အိတ်,1
3936,မှာ,အိဒ်,1
3937,မှာ,အိန်ဂျယ်လစ်,1
3938,မှာ,အိန်ဂျလိစ်,1
3939,မှာ,အိပ်ချိန်း,1
3940,မှာ,အိမ်ကွင်း,1
3941,မှာ,အိမ်စောင့်စည်းမျဉ်း,1
3942,မှာ,အိုင်ယာလန်,1
3943,မှာ,အိုင်အက်စ်ပီ,1
3944,မှာ,အိုင်အမ်ဒီ,1
3945,မှာ,အိုင်အာအက်စ်,1
3946,မှာ,အိုတဝ,1
3947,မှာ,အိုလံပစ်,1
3948,မှာ,အိုအီးစီဒီ,1
3949,မှာ,အီဆာဝီ,1
3950,မှာ,အီဒင်ဘရပ်,1
3951,မှာ,အီဗန်,1
3952,မှာ,အီးမေးလ်,1
3953,မှာ,အီယူ,1
3954,မှာ,အီရီ,1
3955,မှာ,အီလီနွိုက်,1
3956,မှာ,အီးအက်စ်တီ,1
3957,မှာ,အီးအီးအေ,1
3958,မှာ,အုပ်စု,1
3959,မှာ,အေဂျင်စီ,1
3960,မှာ,အေဇက်,1
3961,မှာ,အေဒင်ဘာ့,1
3962,မှာ,အေပရယ်,1
3963,မှာ,အေရာ,1
3964,မှာ,အေသင်,1
3965,မှာ,အေအာဒီ,1
3966,မှာ,အော့ကလန်း,1
3967,မှာ,အောင်နိုင်ရေး,1
3968,မှာ,အဲဒိနေရာ,1
3969,မှာ,အဲဒီနေရာ,1
3970,မှာ,ဥပဒေကြမ်း,1
3971,မှာ,ဥပဒေပြုအမတ်,1
3972,မှာ,ဥပမာ,1
3973,မှာ,ဥမင်,1
3974,မှာ,ဥရောပ,1
3975,မှာ,ဦး,1
3976,မှာ,ဦးနှောက်,1
3977,မှာ,ဧက,1
3978,မှာ,ဩစတြေးလျ,1
